mutation,position,wild_type,mutant,predicted_score
A113C,113,A,C,0.0
Q153F,153,Q,F,0.0
Q141L,141,Q,L,0.0
Q141M,141,Q,M,0.0
Q141N,141,Q,N,0.0
Q141P,141,Q,P,0.0
Q141R,141,Q,R,0.0
Q141S,141,Q,S,0.0
Q141T,141,Q,T,0.0
Q141V,141,Q,V,0.0
Q141W,141,Q,W,0.0
Q141Y,141,Q,Y,0.0
Q153A,153,Q,A,0.0
Q153C,153,Q,C,0.0
Q153D,153,Q,D,0.0
Q153E,153,Q,E,0.0
Q153G,153,Q,G,0.0
Q161D,161,Q,D,0.0
Q153H,153,Q,H,0.0
Q153I,153,Q,I,0.0
Q153K,153,Q,K,0.0
Q153L,153,Q,L,0.0
Q153M,153,Q,M,0.0
Q153N,153,Q,N,0.0
Q153P,153,Q,P,0.0
Q153R,153,Q,R,0.0
Q153S,153,Q,S,0.0
Q153T,153,Q,T,0.0
Q153V,153,Q,V,0.0
Q153W,153,Q,W,0.0
Q153Y,153,Q,Y,0.0
Q161A,161,Q,A,0.0
Q141K,141,Q,K,0.0
Q141I,141,Q,I,0.0
Q141H,141,Q,H,0.0
Q141G,141,Q,G,0.0
Q10S,10,Q,S,0.0
Q10T,10,Q,T,0.0
Q10V,10,Q,V,0.0
Q10W,10,Q,W,0.0
Q10Y,10,Q,Y,0.0
Q130A,130,Q,A,0.0
Q130C,130,Q,C,0.0
Q130D,130,Q,D,0.0
Q130E,130,Q,E,0.0
Q130F,130,Q,F,0.0
Q130G,130,Q,G,0.0
Q130H,130,Q,H,0.0
Q130I,130,Q,I,0.0
Q130K,130,Q,K,0.0
Q130L,130,Q,L,0.0
Q130M,130,Q,M,0.0
Q130N,130,Q,N,0.0
Q130P,130,Q,P,0.0
Q130R,130,Q,R,0.0
Q130S,130,Q,S,0.0
Q130T,130,Q,T,0.0
Q130V,130,Q,V,0.0
Q130W,130,Q,W,0.0
Q130Y,130,Q,Y,0.0
Q141A,141,Q,A,0.0
Q141C,141,Q,C,0.0
Q141D,141,Q,D,0.0
Q141E,141,Q,E,0.0
Q141F,141,Q,F,0.0
Q161C,161,Q,C,0.0
Q161E,161,Q,E,0.0
Q10P,10,Q,P,0.0
Q178S,178,Q,S,0.0
Q178A,178,Q,A,0.0
Q178C,178,Q,C,0.0
Q178D,178,Q,D,0.0
Q178E,178,Q,E,0.0
Q178F,178,Q,F,0.0
Q178G,178,Q,G,0.0
Q178H,178,Q,H,0.0
Q178I,178,Q,I,0.0
Q178K,178,Q,K,0.0
Q178L,178,Q,L,0.0
Q178M,178,Q,M,0.0
Q178N,178,Q,N,0.0
Q178P,178,Q,P,0.0
Q178R,178,Q,R,0.0
Q178T,178,Q,T,0.0
Q161F,161,Q,F,0.0
Q178V,178,Q,V,0.0
Q178W,178,Q,W,0.0
Q178Y,178,Q,Y,0.0
Q186A,186,Q,A,0.0
Q186C,186,Q,C,0.0
Q186D,186,Q,D,0.0
Q186E,186,Q,E,0.0
Q186F,186,Q,F,0.0
Q186G,186,Q,G,0.0
Q186H,186,Q,H,0.0
Q186I,186,Q,I,0.0
Q186K,186,Q,K,0.0
Q186L,186,Q,L,0.0
Q186M,186,Q,M,0.0
Q165Y,165,Q,Y,0.0
Q165W,165,Q,W,0.0
Q165V,165,Q,V,0.0
Q165T,165,Q,T,0.0
Q161G,161,Q,G,0.0
Q161H,161,Q,H,0.0
Q161I,161,Q,I,0.0
Q161K,161,Q,K,0.0
Q161L,161,Q,L,0.0
Q161M,161,Q,M,0.0
Q161N,161,Q,N,0.0
Q161P,161,Q,P,0.0
Q161R,161,Q,R,0.0
Q161S,161,Q,S,0.0
Q161T,161,Q,T,0.0
Q161V,161,Q,V,0.0
Q161W,161,Q,W,0.0
Q161Y,161,Q,Y,0.0
Q165A,165,Q,A,0.0
Q165C,165,Q,C,0.0
Q165D,165,Q,D,0.0
Q165E,165,Q,E,0.0
Q165F,165,Q,F,0.0
Q165G,165,Q,G,0.0
Q165H,165,Q,H,0.0
Q165I,165,Q,I,0.0
Q165K,165,Q,K,0.0
Q165L,165,Q,L,0.0
Q165M,165,Q,M,0.0
Q165N,165,Q,N,0.0
Q165P,165,Q,P,0.0
Q165R,165,Q,R,0.0
Q165S,165,Q,S,0.0
Q10R,10,Q,R,0.0
Q10N,10,Q,N,0.0
P156N,156,P,N,0.0
P200E,200,P,E,0.0
P172K,172,P,K,0.0
P172L,172,P,L,0.0
P172M,172,P,M,0.0
P172N,172,P,N,0.0
P172Q,172,P,Q,0.0
P172R,172,P,R,0.0
P172S,172,P,S,0.0
P172T,172,P,T,0.0
P172V,172,P,V,0.0
P172W,172,P,W,0.0
P172Y,172,P,Y,0.0
P200A,200,P,A,0.0
P200C,200,P,C,0.0
P200D,200,P,D,0.0
P200F,200,P,F,0.0
P3C,3,P,C,0.0
P200G,200,P,G,0.0
P200H,200,P,H,0.0
P200I,200,P,I,0.0
P200K,200,P,K,0.0
P200L,200,P,L,0.0
P200M,200,P,M,0.0
P200N,200,P,N,0.0
P200Q,200,P,Q,0.0
P200R,200,P,R,0.0
P200S,200,P,S,0.0
P200T,200,P,T,0.0
P200V,200,P,V,0.0
P200W,200,P,W,0.0
P200Y,200,P,Y,0.0
P172I,172,P,I,0.0
P172H,172,P,H,0.0
P172G,172,P,G,0.0
P172F,172,P,F,0.0
P156R,156,P,R,0.0
P156S,156,P,S,0.0
P156T,156,P,T,0.0
P156V,156,P,V,0.0
P156W,156,P,W,0.0
P156Y,156,P,Y,0.0
P170A,170,P,A,0.0
P170C,170,P,C,0.0
P170D,170,P,D,0.0
P170E,170,P,E,0.0
P170F,170,P,F,0.0
P170G,170,P,G,0.0
P170H,170,P,H,0.0
P170I,170,P,I,0.0
P170K,170,P,K,0.0
P170L,170,P,L,0.0
P170M,170,P,M,0.0
P170N,170,P,N,0.0
P170Q,170,P,Q,0.0
P170R,170,P,R,0.0
P170S,170,P,S,0.0
P170T,170,P,T,0.0
P170V,170,P,V,0.0
P170W,170,P,W,0.0
P170Y,170,P,Y,0.0
P172A,172,P,A,0.0
P172C,172,P,C,0.0
P172D,172,P,D,0.0
P172E,172,P,E,0.0
P3A,3,P,A,0.0
P3D,3,P,D,0.0
Q10M,10,Q,M,0.0
P98R,98,P,R,0.0
P61Y,61,P,Y,0.0
P98A,98,P,A,0.0
P98C,98,P,C,0.0
P98D,98,P,D,0.0
P98E,98,P,E,0.0
P98F,98,P,F,0.0
P98G,98,P,G,0.0
P98H,98,P,H,0.0
P98I,98,P,I,0.0
P98K,98,P,K,0.0
P98L,98,P,L,0.0
P98M,98,P,M,0.0
P98N,98,P,N,0.0
P98Q,98,P,Q,0.0
P98S,98,P,S,0.0
P3E,3,P,E,0.0
P98T,98,P,T,0.0
P98V,98,P,V,0.0
P98W,98,P,W,0.0
P98Y,98,P,Y,0.0
Q10A,10,Q,A,0.0
Q10C,10,Q,C,0.0
Q10D,10,Q,D,0.0
Q10E,10,Q,E,0.0
Q10F,10,Q,F,0.0
Q10G,10,Q,G,0.0
Q10H,10,Q,H,0.0
Q10I,10,Q,I,0.0
Q10K,10,Q,K,0.0
Q10L,10,Q,L,0.0
P61W,61,P,W,0.0
P61V,61,P,V,0.0
P61T,61,P,T,0.0
P61S,61,P,S,0.0
P3F,3,P,F,0.0
P3G,3,P,G,0.0
P3H,3,P,H,0.0
P3I,3,P,I,0.0
P3K,3,P,K,0.0
P3L,3,P,L,0.0
P3M,3,P,M,0.0
P3N,3,P,N,0.0
P3Q,3,P,Q,0.0
P3R,3,P,R,0.0
P3S,3,P,S,0.0
P3T,3,P,T,0.0
P3V,3,P,V,0.0
P3W,3,P,W,0.0
P3Y,3,P,Y,0.0
P61A,61,P,A,0.0
P61C,61,P,C,0.0
P61D,61,P,D,0.0
P61E,61,P,E,0.0
P61F,61,P,F,0.0
P61G,61,P,G,0.0
P61H,61,P,H,0.0
P61I,61,P,I,0.0
P61K,61,P,K,0.0
P61L,61,P,L,0.0
P61M,61,P,M,0.0
P61N,61,P,N,0.0
P61Q,61,P,Q,0.0
P61R,61,P,R,0.0
Q186N,186,Q,N,0.0
Q186P,186,Q,P,0.0
Q186R,186,Q,R,0.0
R143G,143,R,G,0.0
R11M,11,R,M,0.0
R11N,11,R,N,0.0
R11P,11,R,P,0.0
R11Q,11,R,Q,0.0
R11S,11,R,S,0.0
R11T,11,R,T,0.0
R11V,11,R,V,0.0
R11W,11,R,W,0.0
R11Y,11,R,Y,0.0
R143A,143,R,A,0.0
R143C,143,R,C,0.0
R143D,143,R,D,0.0
R143E,143,R,E,0.0
R143F,143,R,F,0.0
R143H,143,R,H,0.0
R159E,159,R,E,0.0
R143I,143,R,I,0.0
R143K,143,R,K,0.0
R143L,143,R,L,0.0
R143M,143,R,M,0.0
R143N,143,R,N,0.0
R143P,143,R,P,0.0
R143Q,143,R,Q,0.0
R143S,143,R,S,0.0
R143T,143,R,T,0.0
R143V,143,R,V,0.0
R143W,143,R,W,0.0
R143Y,143,R,Y,0.0
R159A,159,R,A,0.0
R159C,159,R,C,0.0
R11L,11,R,L,0.0
R11K,11,R,K,0.0
R11I,11,R,I,0.0
R11H,11,R,H,0.0
R107T,107,R,T,0.0
R107V,107,R,V,0.0
R107W,107,R,W,0.0
R107Y,107,R,Y,0.0
R108A,108,R,A,0.0
R108C,108,R,C,0.0
R108D,108,R,D,0.0
R108E,108,R,E,0.0
R108F,108,R,F,0.0
R108G,108,R,G,0.0
R108H,108,R,H,0.0
R108I,108,R,I,0.0
R108K,108,R,K,0.0
R108L,108,R,L,0.0
R108M,108,R,M,0.0
R108N,108,R,N,0.0
R108P,108,R,P,0.0
R108Q,108,R,Q,0.0
R108S,108,R,S,0.0
R108T,108,R,T,0.0
R108V,108,R,V,0.0
R108W,108,R,W,0.0
R108Y,108,R,Y,0.0
R11A,11,R,A,0.0
R11C,11,R,C,0.0
R11D,11,R,D,0.0
R11E,11,R,E,0.0
R11F,11,R,F,0.0
R11G,11,R,G,0.0
R159D,159,R,D,0.0
R159F,159,R,F,0.0
Q186S,186,Q,S,0.0
R180T,180,R,T,0.0
R180C,180,R,C,0.0
R180D,180,R,D,0.0
R180E,180,R,E,0.0
R180F,180,R,F,0.0
R180G,180,R,G,0.0
R180H,180,R,H,0.0
R180I,180,R,I,0.0
R180K,180,R,K,0.0
R180L,180,R,L,0.0
R180M,180,R,M,0.0
R180N,180,R,N,0.0
R180P,180,R,P,0.0
R180Q,180,R,Q,0.0
R180S,180,R,S,0.0
R180V,180,R,V,0.0
R159G,159,R,G,0.0
R180W,180,R,W,0.0
R180Y,180,R,Y,0.0
R208A,208,R,A,0.0
R208C,208,R,C,0.0
R208D,208,R,D,0.0
R208E,208,R,E,0.0
R208F,208,R,F,0.0
R208G,208,R,G,0.0
R208H,208,R,H,0.0
R208I,208,R,I,0.0
R208K,208,R,K,0.0
R208L,208,R,L,0.0
R208M,208,R,M,0.0
R208N,208,R,N,0.0
R180A,180,R,A,0.0
R167Y,167,R,Y,0.0
R167W,167,R,W,0.0
R167V,167,R,V,0.0
R159H,159,R,H,0.0
R159I,159,R,I,0.0
R159K,159,R,K,0.0
R159L,159,R,L,0.0
R159M,159,R,M,0.0
R159N,159,R,N,0.0
R159P,159,R,P,0.0
R159Q,159,R,Q,0.0
R159S,159,R,S,0.0
R159T,159,R,T,0.0
R159V,159,R,V,0.0
R159W,159,R,W,0.0
R159Y,159,R,Y,0.0
R167A,167,R,A,0.0
R167C,167,R,C,0.0
R167D,167,R,D,0.0
R167E,167,R,E,0.0
R167F,167,R,F,0.0
R167G,167,R,G,0.0
R167H,167,R,H,0.0
R167I,167,R,I,0.0
R167K,167,R,K,0.0
R167L,167,R,L,0.0
R167M,167,R,M,0.0
R167N,167,R,N,0.0
R167P,167,R,P,0.0
R167Q,167,R,Q,0.0
R167S,167,R,S,0.0
R167T,167,R,T,0.0
R107S,107,R,S,0.0
R107Q,107,R,Q,0.0
R107P,107,R,P,0.0
Q213G,213,Q,G,0.0
Q20M,20,Q,M,0.0
Q20N,20,Q,N,0.0
Q20P,20,Q,P,0.0
Q20R,20,Q,R,0.0
Q20S,20,Q,S,0.0
Q20T,20,Q,T,0.0
Q20V,20,Q,V,0.0
Q20W,20,Q,W,0.0
Q20Y,20,Q,Y,0.0
Q213A,213,Q,A,0.0
Q213C,213,Q,C,0.0
Q213D,213,Q,D,0.0
Q213E,213,Q,E,0.0
Q213F,213,Q,F,0.0
Q213H,213,Q,H,0.0
R107N,107,R,N,0.0
Q213I,213,Q,I,0.0
Q213K,213,Q,K,0.0
Q213L,213,Q,L,0.0
Q213M,213,Q,M,0.0
Q213N,213,Q,N,0.0
Q213P,213,Q,P,0.0
Q213R,213,Q,R,0.0
Q213S,213,Q,S,0.0
Q213T,213,Q,T,0.0
Q213V,213,Q,V,0.0
Q213W,213,Q,W,0.0
Q213Y,213,Q,Y,0.0
Q218A,218,Q,A,0.0
Q218C,218,Q,C,0.0
Q20L,20,Q,L,0.0
Q20K,20,Q,K,0.0
Q20I,20,Q,I,0.0
Q20H,20,Q,H,0.0
Q186T,186,Q,T,0.0
Q186V,186,Q,V,0.0
Q186W,186,Q,W,0.0
Q186Y,186,Q,Y,0.0
Q193A,193,Q,A,0.0
Q193C,193,Q,C,0.0
Q193D,193,Q,D,0.0
Q193E,193,Q,E,0.0
Q193F,193,Q,F,0.0
Q193G,193,Q,G,0.0
Q193H,193,Q,H,0.0
Q193I,193,Q,I,0.0
Q193K,193,Q,K,0.0
Q193L,193,Q,L,0.0
Q193M,193,Q,M,0.0
Q193N,193,Q,N,0.0
Q193P,193,Q,P,0.0
Q193R,193,Q,R,0.0
Q193S,193,Q,S,0.0
Q193T,193,Q,T,0.0
Q193V,193,Q,V,0.0
Q193W,193,Q,W,0.0
Q193Y,193,Q,Y,0.0
Q20A,20,Q,A,0.0
Q20C,20,Q,C,0.0
Q20D,20,Q,D,0.0
Q20E,20,Q,E,0.0
Q20F,20,Q,F,0.0
Q20G,20,Q,G,0.0
Q218D,218,Q,D,0.0
Q218E,218,Q,E,0.0
Q218F,218,Q,F,0.0
Q24Y,24,Q,Y,0.0
Q25C,25,Q,C,0.0
Q25D,25,Q,D,0.0
Q25E,25,Q,E,0.0
Q25F,25,Q,F,0.0
Q25G,25,Q,G,0.0
Q25H,25,Q,H,0.0
Q25I,25,Q,I,0.0
Q25K,25,Q,K,0.0
Q25L,25,Q,L,0.0
Q25M,25,Q,M,0.0
Q25N,25,Q,N,0.0
Q25P,25,Q,P,0.0
Q25R,25,Q,R,0.0
Q25S,25,Q,S,0.0
Q25T,25,Q,T,0.0
Q25V,25,Q,V,0.0
Q25W,25,Q,W,0.0
Q25Y,25,Q,Y,0.0
R107A,107,R,A,0.0
R107C,107,R,C,0.0
R107D,107,R,D,0.0
R107E,107,R,E,0.0
R107F,107,R,F,0.0
R107G,107,R,G,0.0
R107H,107,R,H,0.0
R107I,107,R,I,0.0
R107K,107,R,K,0.0
R107L,107,R,L,0.0
R107M,107,R,M,0.0
Q25A,25,Q,A,0.0
Q24W,24,Q,W,0.0
Q218G,218,Q,G,0.0
Q24V,24,Q,V,0.0
Q218H,218,Q,H,0.0
Q218I,218,Q,I,0.0
Q218K,218,Q,K,0.0
Q218L,218,Q,L,0.0
Q218M,218,Q,M,0.0
Q218N,218,Q,N,0.0
Q218P,218,Q,P,0.0
Q218R,218,Q,R,0.0
Q218S,218,Q,S,0.0
Q218T,218,Q,T,0.0
Q218V,218,Q,V,0.0
Q218W,218,Q,W,0.0
Q218Y,218,Q,Y,0.0
Q24A,24,Q,A,0.0
Q24C,24,Q,C,0.0
Q24D,24,Q,D,0.0
Q24E,24,Q,E,0.0
Q24F,24,Q,F,0.0
Q24G,24,Q,G,0.0
Q24H,24,Q,H,0.0
Q24I,24,Q,I,0.0
Q24K,24,Q,K,0.0
Q24L,24,Q,L,0.0
Q24M,24,Q,M,0.0
Q24N,24,Q,N,0.0
Q24P,24,Q,P,0.0
Q24R,24,Q,R,0.0
Q24S,24,Q,S,0.0
Q24T,24,Q,T,0.0
P156Q,156,P,Q,0.0
P156M,156,P,M,0.0
L220I,220,L,I,0.0
L75C,75,L,C,0.0
L56H,56,L,H,0.0
L56I,56,L,I,0.0
L56K,56,L,K,0.0
L56M,56,L,M,0.0
L56N,56,L,N,0.0
L56P,56,L,P,0.0
L56Q,56,L,Q,0.0
L56R,56,L,R,0.0
L56S,56,L,S,0.0
L56T,56,L,T,0.0
L56V,56,L,V,0.0
L56W,56,L,W,0.0
L56Y,56,L,Y,0.0
L75A,75,L,A,0.0
L75D,75,L,D,0.0
L75Y,75,L,Y,0.0
L75E,75,L,E,0.0
L75F,75,L,F,0.0
L75G,75,L,G,0.0
L75H,75,L,H,0.0
L75I,75,L,I,0.0
L75K,75,L,K,0.0
L75M,75,L,M,0.0
L75N,75,L,N,0.0
L75P,75,L,P,0.0
L75Q,75,L,Q,0.0
L75R,75,L,R,0.0
L75S,75,L,S,0.0
L75T,75,L,T,0.0
L75V,75,L,V,0.0
L56G,56,L,G,0.0
L56F,56,L,F,0.0
L56E,56,L,E,0.0
L56D,56,L,D,0.0
L43P,43,L,P,0.0
L43Q,43,L,Q,0.0
L43R,43,L,R,0.0
L43S,43,L,S,0.0
L43T,43,L,T,0.0
L43V,43,L,V,0.0
L43W,43,L,W,0.0
L43Y,43,L,Y,0.0
L48A,48,L,A,0.0
L48C,48,L,C,0.0
L48D,48,L,D,0.0
L48E,48,L,E,0.0
L48F,48,L,F,0.0
L48G,48,L,G,0.0
L48H,48,L,H,0.0
L48I,48,L,I,0.0
L48K,48,L,K,0.0
L48M,48,L,M,0.0
L48N,48,L,N,0.0
L48P,48,L,P,0.0
L48Q,48,L,Q,0.0
L48R,48,L,R,0.0
L48S,48,L,S,0.0
L48T,48,L,T,0.0
L48V,48,L,V,0.0
L48W,48,L,W,0.0
L48Y,48,L,Y,0.0
L56A,56,L,A,0.0
L56C,56,L,C,0.0
L75W,75,L,W,0.0
L81A,81,L,A,0.0
L43M,43,L,M,0.0
L90P,90,L,P,0.0
L84V,84,L,V,0.0
L84W,84,L,W,0.0
L84Y,84,L,Y,0.0
L90A,90,L,A,0.0
L90C,90,L,C,0.0
L90D,90,L,D,0.0
L90E,90,L,E,0.0
L90F,90,L,F,0.0
L90G,90,L,G,0.0
L90H,90,L,H,0.0
L90I,90,L,I,0.0
L90K,90,L,K,0.0
L90M,90,L,M,0.0
L90N,90,L,N,0.0
L90Q,90,L,Q,0.0
L81C,81,L,C,0.0
L90R,90,L,R,0.0
L90S,90,L,S,0.0
L90T,90,L,T,0.0
L90V,90,L,V,0.0
L90W,90,L,W,0.0
L90Y,90,L,Y,0.0
L94A,94,L,A,0.0
L94C,94,L,C,0.0
L94D,94,L,D,0.0
L94E,94,L,E,0.0
L94F,94,L,F,0.0
L94G,94,L,G,0.0
L94H,94,L,H,0.0
L94I,94,L,I,0.0
L84T,84,L,T,0.0
L84S,84,L,S,0.0
L84R,84,L,R,0.0
L84Q,84,L,Q,0.0
L81D,81,L,D,0.0
L81E,81,L,E,0.0
L81F,81,L,F,0.0
L81G,81,L,G,0.0
L81H,81,L,H,0.0
L81I,81,L,I,0.0
L81K,81,L,K,0.0
L81M,81,L,M,0.0
L81N,81,L,N,0.0
L81P,81,L,P,0.0
L81Q,81,L,Q,0.0
L81R,81,L,R,0.0
L81S,81,L,S,0.0
L81T,81,L,T,0.0
L81V,81,L,V,0.0
L81W,81,L,W,0.0
L81Y,81,L,Y,0.0
L84A,84,L,A,0.0
L84C,84,L,C,0.0
L84D,84,L,D,0.0
L84E,84,L,E,0.0
L84F,84,L,F,0.0
L84G,84,L,G,0.0
L84H,84,L,H,0.0
L84I,84,L,I,0.0
L84K,84,L,K,0.0
L84M,84,L,M,0.0
L84N,84,L,N,0.0
L84P,84,L,P,0.0
L43N,43,L,N,0.0
L43K,43,L,K,0.0
P156L,156,P,L,0.0
L225Y,225,L,Y,0.0
L225F,225,L,F,0.0
L225G,225,L,G,0.0
L225H,225,L,H,0.0
L225I,225,L,I,0.0
L225K,225,L,K,0.0
L225M,225,L,M,0.0
L225N,225,L,N,0.0
L225P,225,L,P,0.0
L225Q,225,L,Q,0.0
L225R,225,L,R,0.0
L225S,225,L,S,0.0
L225T,225,L,T,0.0
L225V,225,L,V,0.0
L225W,225,L,W,0.0
L22A,22,L,A,0.0
L22V,22,L,V,0.0
L22C,22,L,C,0.0
L22D,22,L,D,0.0
L22E,22,L,E,0.0
L22F,22,L,F,0.0
L22G,22,L,G,0.0
L22H,22,L,H,0.0
L22I,22,L,I,0.0
L22K,22,L,K,0.0
L22M,22,L,M,0.0
L22N,22,L,N,0.0
L22P,22,L,P,0.0
L22Q,22,L,Q,0.0
L22R,22,L,R,0.0
L22S,22,L,S,0.0
L225E,225,L,E,0.0
L225D,225,L,D,0.0
L225C,225,L,C,0.0
L225A,225,L,A,0.0
L220M,220,L,M,0.0
L220N,220,L,N,0.0
L220P,220,L,P,0.0
L220Q,220,L,Q,0.0
L220R,220,L,R,0.0
L220S,220,L,S,0.0
L220T,220,L,T,0.0
L220V,220,L,V,0.0
L220W,220,L,W,0.0
L220Y,220,L,Y,0.0
L223A,223,L,A,0.0
L223C,223,L,C,0.0
L223D,223,L,D,0.0
L223E,223,L,E,0.0
L223F,223,L,F,0.0
L223G,223,L,G,0.0
L223H,223,L,H,0.0
L223I,223,L,I,0.0
L223K,223,L,K,0.0
L223M,223,L,M,0.0
L223N,223,L,N,0.0
L223P,223,L,P,0.0
L223Q,223,L,Q,0.0
L223R,223,L,R,0.0
L223S,223,L,S,0.0
L223T,223,L,T,0.0
L223V,223,L,V,0.0
L223W,223,L,W,0.0
L223Y,223,L,Y,0.0
L22T,22,L,T,0.0
L22W,22,L,W,0.0
L43I,43,L,I,0.0
L40M,40,L,M,0.0
L27S,27,L,S,0.0
L27T,27,L,T,0.0
L27V,27,L,V,0.0
L27W,27,L,W,0.0
L27Y,27,L,Y,0.0
L40A,40,L,A,0.0
L40C,40,L,C,0.0
L40D,40,L,D,0.0
L40E,40,L,E,0.0
L40F,40,L,F,0.0
L40G,40,L,G,0.0
L40H,40,L,H,0.0
L40I,40,L,I,0.0
L40K,40,L,K,0.0
L40N,40,L,N,0.0
L22Y,22,L,Y,0.0
L40P,40,L,P,0.0
L40Q,40,L,Q,0.0
L40R,40,L,R,0.0
L40S,40,L,S,0.0
L40T,40,L,T,0.0
L40V,40,L,V,0.0
L40W,40,L,W,0.0
L40Y,40,L,Y,0.0
L43A,43,L,A,0.0
L43C,43,L,C,0.0
L43E,43,L,E,0.0
L43F,43,L,F,0.0
L43G,43,L,G,0.0
L43H,43,L,H,0.0
L27R,27,L,R,0.0
L27Q,27,L,Q,0.0
L27P,27,L,P,0.0
L27N,27,L,N,0.0
L23A,23,L,A,0.0
L23C,23,L,C,0.0
L23D,23,L,D,0.0
L23E,23,L,E,0.0
L23F,23,L,F,0.0
L23G,23,L,G,0.0
L23H,23,L,H,0.0
L23I,23,L,I,0.0
L23K,23,L,K,0.0
L23M,23,L,M,0.0
L23N,23,L,N,0.0
L23P,23,L,P,0.0
L23Q,23,L,Q,0.0
L23R,23,L,R,0.0
L23S,23,L,S,0.0
L23T,23,L,T,0.0
L23V,23,L,V,0.0
L23W,23,L,W,0.0
L23Y,23,L,Y,0.0
L27A,27,L,A,0.0
L27C,27,L,C,0.0
L27D,27,L,D,0.0
L27E,27,L,E,0.0
L27F,27,L,F,0.0
L27G,27,L,G,0.0
L27H,27,L,H,0.0
L27I,27,L,I,0.0
L27K,27,L,K,0.0
L27M,27,L,M,0.0
L94K,94,L,K,0.0
L94M,94,L,M,0.0
L94N,94,L,N,0.0
N54D,54,N,D,0.0
N37I,37,N,I,0.0
N37K,37,N,K,0.0
N37L,37,N,L,0.0
N37M,37,N,M,0.0
N37P,37,N,P,0.0
N37Q,37,N,Q,0.0
N37R,37,N,R,0.0
N37S,37,N,S,0.0
N37T,37,N,T,0.0
N37V,37,N,V,0.0
N37W,37,N,W,0.0
N37Y,37,N,Y,0.0
N54A,54,N,A,0.0
N54C,54,N,C,0.0
N54E,54,N,E,0.0
N79A,79,N,A,0.0
N54F,54,N,F,0.0
N54G,54,N,G,0.0
N54H,54,N,H,0.0
N54I,54,N,I,0.0
N54K,54,N,K,0.0
N54L,54,N,L,0.0
N54M,54,N,M,0.0
N54P,54,N,P,0.0
N54Q,54,N,Q,0.0
N54R,54,N,R,0.0
N54S,54,N,S,0.0
N54T,54,N,T,0.0
N54V,54,N,V,0.0
N54W,54,N,W,0.0
N37H,37,N,H,0.0
N37G,37,N,G,0.0
N37F,37,N,F,0.0
N37E,37,N,E,0.0
N18Q,18,N,Q,0.0
N18R,18,N,R,0.0
N18S,18,N,S,0.0
N18T,18,N,T,0.0
N18V,18,N,V,0.0
N18W,18,N,W,0.0
N18Y,18,N,Y,0.0
N2A,2,N,A,0.0
N2C,2,N,C,0.0
N2D,2,N,D,0.0
N2E,2,N,E,0.0
N2F,2,N,F,0.0
N2G,2,N,G,0.0
N2H,2,N,H,0.0
N2I,2,N,I,0.0
N2K,2,N,K,0.0
N2L,2,N,L,0.0
N2M,2,N,M,0.0
N2P,2,N,P,0.0
N2Q,2,N,Q,0.0
N2R,2,N,R,0.0
N2S,2,N,S,0.0
N2T,2,N,T,0.0
N2V,2,N,V,0.0
N2W,2,N,W,0.0
N2Y,2,N,Y,0.0
N37A,37,N,A,0.0
N37C,37,N,C,0.0
N37D,37,N,D,0.0
N54Y,54,N,Y,0.0
N79C,79,N,C,0.0
L94P,94,L,P,0.0
P149Q,149,P,Q,0.0
N7W,7,N,W,0.0
N7Y,7,N,Y,0.0
P149A,149,P,A,0.0
P149C,149,P,C,0.0
P149D,149,P,D,0.0
P149E,149,P,E,0.0
P149F,149,P,F,0.0
P149G,149,P,G,0.0
P149H,149,P,H,0.0
P149I,149,P,I,0.0
P149K,149,P,K,0.0
P149L,149,P,L,0.0
P149M,149,P,M,0.0
P149N,149,P,N,0.0
P149R,149,P,R,0.0
N79D,79,N,D,0.0
P149S,149,P,S,0.0
P149T,149,P,T,0.0
P149V,149,P,V,0.0
P149W,149,P,W,0.0
P149Y,149,P,Y,0.0
P156A,156,P,A,0.0
P156C,156,P,C,0.0
P156D,156,P,D,0.0
P156E,156,P,E,0.0
P156F,156,P,F,0.0
P156G,156,P,G,0.0
P156H,156,P,H,0.0
P156I,156,P,I,0.0
P156K,156,P,K,0.0
N7V,7,N,V,0.0
N7T,7,N,T,0.0
N7S,7,N,S,0.0
N7R,7,N,R,0.0
N79E,79,N,E,0.0
N79F,79,N,F,0.0
N79G,79,N,G,0.0
N79H,79,N,H,0.0
N79I,79,N,I,0.0
N79K,79,N,K,0.0
N79L,79,N,L,0.0
N79M,79,N,M,0.0
N79P,79,N,P,0.0
N79Q,79,N,Q,0.0
N79R,79,N,R,0.0
N79S,79,N,S,0.0
N79T,79,N,T,0.0
N79V,79,N,V,0.0
N79W,79,N,W,0.0
N79Y,79,N,Y,0.0
N7A,7,N,A,0.0
N7C,7,N,C,0.0
N7D,7,N,D,0.0
N7E,7,N,E,0.0
N7F,7,N,F,0.0
N7G,7,N,G,0.0
N7H,7,N,H,0.0
N7I,7,N,I,0.0
N7K,7,N,K,0.0
N7L,7,N,L,0.0
N7M,7,N,M,0.0
N7P,7,N,P,0.0
N7Q,7,N,Q,0.0
N18P,18,N,P,0.0
N18M,18,N,M,0.0
N18L,18,N,L,0.0
M1D,1,M,D,0.0
L9I,9,L,I,0.0
L9K,9,L,K,0.0
L9M,9,L,M,0.0
L9N,9,L,N,0.0
L9P,9,L,P,0.0
L9Q,9,L,Q,0.0
L9R,9,L,R,0.0
L9S,9,L,S,0.0
L9T,9,L,T,0.0
L9V,9,L,V,0.0
L9W,9,L,W,0.0
L9Y,9,L,Y,0.0
M1A,1,M,A,0.0
M1C,1,M,C,0.0
M1E,1,M,E,0.0
N18K,18,N,K,0.0
M1F,1,M,F,0.0
M1G,1,M,G,0.0
M1H,1,M,H,0.0
M1I,1,M,I,0.0
M1K,1,M,K,0.0
M1L,1,M,L,0.0
M1N,1,M,N,0.0
M1P,1,M,P,0.0
M1Q,1,M,Q,0.0
M1R,1,M,R,0.0
M1S,1,M,S,0.0
M1T,1,M,T,0.0
M1V,1,M,V,0.0
M1W,1,M,W,0.0
L9H,9,L,H,0.0
L9G,9,L,G,0.0
L9F,9,L,F,0.0
L9E,9,L,E,0.0
L94Q,94,L,Q,0.0
L94R,94,L,R,0.0
L94S,94,L,S,0.0
L94T,94,L,T,0.0
L94V,94,L,V,0.0
L94W,94,L,W,0.0
L94Y,94,L,Y,0.0
L96A,96,L,A,0.0
L96C,96,L,C,0.0
L96D,96,L,D,0.0
L96E,96,L,E,0.0
L96F,96,L,F,0.0
L96G,96,L,G,0.0
L96H,96,L,H,0.0
L96I,96,L,I,0.0
L96K,96,L,K,0.0
L96M,96,L,M,0.0
L96N,96,L,N,0.0
L96P,96,L,P,0.0
L96Q,96,L,Q,0.0
L96R,96,L,R,0.0
L96S,96,L,S,0.0
L96T,96,L,T,0.0
L96V,96,L,V,0.0
L96W,96,L,W,0.0
L96Y,96,L,Y,0.0
L9A,9,L,A,0.0
L9C,9,L,C,0.0
L9D,9,L,D,0.0
M1Y,1,M,Y,0.0
M68A,68,M,A,0.0
M68C,68,M,C,0.0
M71T,71,M,T,0.0
M71W,71,M,W,0.0
M71Y,71,M,Y,0.0
N138A,138,N,A,0.0
N138C,138,N,C,0.0
N138D,138,N,D,0.0
N138E,138,N,E,0.0
N138F,138,N,F,0.0
N138G,138,N,G,0.0
N138H,138,N,H,0.0
N138I,138,N,I,0.0
N138K,138,N,K,0.0
N138L,138,N,L,0.0
N138M,138,N,M,0.0
N138P,138,N,P,0.0
N138Q,138,N,Q,0.0
N138R,138,N,R,0.0
N138S,138,N,S,0.0
N138T,138,N,T,0.0
N138V,138,N,V,0.0
N138W,138,N,W,0.0
N138Y,138,N,Y,0.0
N18A,18,N,A,0.0
N18C,18,N,C,0.0
N18D,18,N,D,0.0
N18E,18,N,E,0.0
N18F,18,N,F,0.0
N18G,18,N,G,0.0
N18H,18,N,H,0.0
N18I,18,N,I,0.0
M71V,71,M,V,0.0
M71S,71,M,S,0.0
M68D,68,M,D,0.0
M71R,71,M,R,0.0
M68E,68,M,E,0.0
M68F,68,M,F,0.0
M68G,68,M,G,0.0
M68H,68,M,H,0.0
M68I,68,M,I,0.0
M68K,68,M,K,0.0
M68L,68,M,L,0.0
M68N,68,M,N,0.0
M68P,68,M,P,0.0
M68Q,68,M,Q,0.0
M68R,68,M,R,0.0
M68S,68,M,S,0.0
M68T,68,M,T,0.0
M68V,68,M,V,0.0
M68W,68,M,W,0.0
M68Y,68,M,Y,0.0
M71A,71,M,A,0.0
M71C,71,M,C,0.0
M71D,71,M,D,0.0
M71E,71,M,E,0.0
M71F,71,M,F,0.0
M71G,71,M,G,0.0
M71H,71,M,H,0.0
M71I,71,M,I,0.0
M71K,71,M,K,0.0
M71L,71,M,L,0.0
M71N,71,M,N,0.0
M71P,71,M,P,0.0
M71Q,71,M,Q,0.0
R208P,208,R,P,0.0
R208Q,208,R,Q,0.0
R208S,208,R,S,0.0
V123L,123,V,L,0.0
V116R,116,V,R,0.0
V116S,116,V,S,0.0
V116T,116,V,T,0.0
V116W,116,V,W,0.0
V116Y,116,V,Y,0.0
V123A,123,V,A,0.0
V123C,123,V,C,0.0
V123D,123,V,D,0.0
V123E,123,V,E,0.0
V123F,123,V,F,0.0
V123G,123,V,G,0.0
V123H,123,V,H,0.0
V123I,123,V,I,0.0
V123K,123,V,K,0.0
V123M,123,V,M,0.0
V132I,132,V,I,0.0
V123N,123,V,N,0.0
V123P,123,V,P,0.0
V123Q,123,V,Q,0.0
V123R,123,V,R,0.0
V123S,123,V,S,0.0
V123T,123,V,T,0.0
V123W,123,V,W,0.0
V123Y,123,V,Y,0.0
V132A,132,V,A,0.0
V132C,132,V,C,0.0
V132D,132,V,D,0.0
V132E,132,V,E,0.0
V132F,132,V,F,0.0
V132G,132,V,G,0.0
V116Q,116,V,Q,0.0
V116P,116,V,P,0.0
V116N,116,V,N,0.0
V116M,116,V,M,0.0
T80A,80,T,A,0.0
T80C,80,T,C,0.0
T80D,80,T,D,0.0
T80E,80,T,E,0.0
T80F,80,T,F,0.0
T80G,80,T,G,0.0
T80H,80,T,H,0.0
T80I,80,T,I,0.0
T80K,80,T,K,0.0
T80L,80,T,L,0.0
T80M,80,T,M,0.0
T80N,80,T,N,0.0
T80P,80,T,P,0.0
T80Q,80,T,Q,0.0
T80R,80,T,R,0.0
T80S,80,T,S,0.0
T80V,80,T,V,0.0
T80W,80,T,W,0.0
T80Y,80,T,Y,0.0
V116A,116,V,A,0.0
V116C,116,V,C,0.0
V116D,116,V,D,0.0
V116E,116,V,E,0.0
V116F,116,V,F,0.0
V116G,116,V,G,0.0
V116H,116,V,H,0.0
V116I,116,V,I,0.0
V116K,116,V,K,0.0
V116L,116,V,L,0.0
V132H,132,V,H,0.0
V132K,132,V,K,0.0
T74W,74,T,W,0.0
V179A,179,V,A,0.0
V177G,177,V,G,0.0
V177H,177,V,H,0.0
V177I,177,V,I,0.0
V177K,177,V,K,0.0
V177L,177,V,L,0.0
V177M,177,V,M,0.0
V177N,177,V,N,0.0
V177P,177,V,P,0.0
V177Q,177,V,Q,0.0
V177R,177,V,R,0.0
V177S,177,V,S,0.0
V177T,177,V,T,0.0
V177W,177,V,W,0.0
V177Y,177,V,Y,0.0
V179C,179,V,C,0.0
V132L,132,V,L,0.0
V179D,179,V,D,0.0
V179E,179,V,E,0.0
V179F,179,V,F,0.0
V179G,179,V,G,0.0
V179H,179,V,H,0.0
V179I,179,V,I,0.0
V179K,179,V,K,0.0
V179L,179,V,L,0.0
V179M,179,V,M,0.0
V179N,179,V,N,0.0
V179P,179,V,P,0.0
V179Q,179,V,Q,0.0
V179R,179,V,R,0.0
V179S,179,V,S,0.0
V177F,177,V,F,0.0
V177E,177,V,E,0.0
V177D,177,V,D,0.0
V177C,177,V,C,0.0
V132M,132,V,M,0.0
V132N,132,V,N,0.0
V132P,132,V,P,0.0
V132Q,132,V,Q,0.0
V132R,132,V,R,0.0
V132S,132,V,S,0.0
V132T,132,V,T,0.0
V132W,132,V,W,0.0
V132Y,132,V,Y,0.0
V176A,176,V,A,0.0
V176C,176,V,C,0.0
V176D,176,V,D,0.0
V176E,176,V,E,0.0
V176F,176,V,F,0.0
V176G,176,V,G,0.0
V176H,176,V,H,0.0
V176I,176,V,I,0.0
V176K,176,V,K,0.0
V176L,176,V,L,0.0
V176M,176,V,M,0.0
V176N,176,V,N,0.0
V176P,176,V,P,0.0
V176Q,176,V,Q,0.0
V176R,176,V,R,0.0
V176S,176,V,S,0.0
V176T,176,V,T,0.0
V176W,176,V,W,0.0
V176Y,176,V,Y,0.0
V177A,177,V,A,0.0
T74Y,74,T,Y,0.0
T74V,74,T,V,0.0
R208T,208,R,T,0.0
T173K,173,T,K,0.0
T16Q,16,T,Q,0.0
T16R,16,T,R,0.0
T16S,16,T,S,0.0
T16V,16,T,V,0.0
T16W,16,T,W,0.0
T16Y,16,T,Y,0.0
T173A,173,T,A,0.0
T173C,173,T,C,0.0
T173D,173,T,D,0.0
T173E,173,T,E,0.0
T173F,173,T,F,0.0
T173G,173,T,G,0.0
T173H,173,T,H,0.0
T173I,173,T,I,0.0
T173L,173,T,L,0.0
T189H,189,T,H,0.0
T173M,173,T,M,0.0
T173N,173,T,N,0.0
T173P,173,T,P,0.0
T173Q,173,T,Q,0.0
T173R,173,T,R,0.0
T173S,173,T,S,0.0
T173V,173,T,V,0.0
T173W,173,T,W,0.0
T173Y,173,T,Y,0.0
T189A,189,T,A,0.0
T189C,189,T,C,0.0
T189D,189,T,D,0.0
T189E,189,T,E,0.0
T189F,189,T,F,0.0
T16P,16,T,P,0.0
T16N,16,T,N,0.0
T16M,16,T,M,0.0
T16L,16,T,L,0.0
T142Y,142,T,Y,0.0
T158A,158,T,A,0.0
T158C,158,T,C,0.0
T158D,158,T,D,0.0
T158E,158,T,E,0.0
T158F,158,T,F,0.0
T158G,158,T,G,0.0
T158H,158,T,H,0.0
T158I,158,T,I,0.0
T158K,158,T,K,0.0
T158L,158,T,L,0.0
T158M,158,T,M,0.0
T158N,158,T,N,0.0
T158P,158,T,P,0.0
T158Q,158,T,Q,0.0
T158R,158,T,R,0.0
T158S,158,T,S,0.0
T158V,158,T,V,0.0
T158W,158,T,W,0.0
T158Y,158,T,Y,0.0
T16A,16,T,A,0.0
T16C,16,T,C,0.0
T16D,16,T,D,0.0
T16E,16,T,E,0.0
T16F,16,T,F,0.0
T16G,16,T,G,0.0
T16H,16,T,H,0.0
T16I,16,T,I,0.0
T16K,16,T,K,0.0
T189G,189,T,G,0.0
T189I,189,T,I,0.0
T74S,74,T,S,0.0
T28Y,28,T,Y,0.0
T28F,28,T,F,0.0
T28G,28,T,G,0.0
T28H,28,T,H,0.0
T28I,28,T,I,0.0
T28K,28,T,K,0.0
T28L,28,T,L,0.0
T28M,28,T,M,0.0
T28N,28,T,N,0.0
T28P,28,T,P,0.0
T28Q,28,T,Q,0.0
T28R,28,T,R,0.0
T28S,28,T,S,0.0
T28V,28,T,V,0.0
T28W,28,T,W,0.0
T74A,74,T,A,0.0
T189K,189,T,K,0.0
T74C,74,T,C,0.0
T74D,74,T,D,0.0
T74E,74,T,E,0.0
T74F,74,T,F,0.0
T74G,74,T,G,0.0
T74H,74,T,H,0.0
T74I,74,T,I,0.0
T74K,74,T,K,0.0
T74L,74,T,L,0.0
T74M,74,T,M,0.0
T74N,74,T,N,0.0
T74P,74,T,P,0.0
T74Q,74,T,Q,0.0
T74R,74,T,R,0.0
T28E,28,T,E,0.0
T28D,28,T,D,0.0
T28C,28,T,C,0.0
T28A,28,T,A,0.0
T189L,189,T,L,0.0
T189M,189,T,M,0.0
T189N,189,T,N,0.0
T189P,189,T,P,0.0
T189Q,189,T,Q,0.0
T189R,189,T,R,0.0
T189S,189,T,S,0.0
T189V,189,T,V,0.0
T189W,189,T,W,0.0
T189Y,189,T,Y,0.0
T204A,204,T,A,0.0
T204C,204,T,C,0.0
T204D,204,T,D,0.0
T204E,204,T,E,0.0
T204F,204,T,F,0.0
T204G,204,T,G,0.0
T204H,204,T,H,0.0
T204I,204,T,I,0.0
T204K,204,T,K,0.0
T204L,204,T,L,0.0
T204M,204,T,M,0.0
T204N,204,T,N,0.0
T204P,204,T,P,0.0
T204Q,204,T,Q,0.0
T204R,204,T,R,0.0
T204S,204,T,S,0.0
T204V,204,T,V,0.0
T204W,204,T,W,0.0
T204Y,204,T,Y,0.0
V179T,179,V,T,0.0
V179W,179,V,W,0.0
V179Y,179,V,Y,0.0
Y15M,15,Y,M,0.0
Y140S,140,Y,S,0.0
Y140T,140,Y,T,0.0
Y140V,140,Y,V,0.0
Y140W,140,Y,W,0.0
Y15A,15,Y,A,0.0
Y15C,15,Y,C,0.0
Y15D,15,Y,D,0.0
Y15E,15,Y,E,0.0
Y15F,15,Y,F,0.0
Y15G,15,Y,G,0.0
Y15H,15,Y,H,0.0
Y15I,15,Y,I,0.0
Y15K,15,Y,K,0.0
Y15L,15,Y,L,0.0
Y15N,15,Y,N,0.0
Y163K,163,Y,K,0.0
Y15P,15,Y,P,0.0
Y15Q,15,Y,Q,0.0
Y15R,15,Y,R,0.0
Y15S,15,Y,S,0.0
Y15T,15,Y,T,0.0
Y15V,15,Y,V,0.0
Y15W,15,Y,W,0.0
Y163A,163,Y,A,0.0
Y163C,163,Y,C,0.0
Y163D,163,Y,D,0.0
Y163E,163,Y,E,0.0
Y163F,163,Y,F,0.0
Y163G,163,Y,G,0.0
Y163H,163,Y,H,0.0
Y140R,140,Y,R,0.0
Y140Q,140,Y,Q,0.0
Y140P,140,Y,P,0.0
Y140N,140,Y,N,0.0
W139C,139,W,C,0.0
W139D,139,W,D,0.0
W139E,139,W,E,0.0
W139F,139,W,F,0.0
W139G,139,W,G,0.0
W139H,139,W,H,0.0
W139I,139,W,I,0.0
W139K,139,W,K,0.0
W139L,139,W,L,0.0
W139M,139,W,M,0.0
W139N,139,W,N,0.0
W139P,139,W,P,0.0
W139Q,139,W,Q,0.0
W139R,139,W,R,0.0
W139S,139,W,S,0.0
W139T,139,W,T,0.0
W139V,139,W,V,0.0
W139Y,139,W,Y,0.0
Y140A,140,Y,A,0.0
Y140C,140,Y,C,0.0
Y140D,140,Y,D,0.0
Y140E,140,Y,E,0.0
Y140F,140,Y,F,0.0
Y140G,140,Y,G,0.0
Y140H,140,Y,H,0.0
Y140I,140,Y,I,0.0
Y140K,140,Y,K,0.0
Y140L,140,Y,L,0.0
Y140M,140,Y,M,0.0
Y163I,163,Y,I,0.0
Y163L,163,Y,L,0.0
V194A,194,V,A,0.0
Y57D,57,Y,D,0.0
Y50I,50,Y,I,0.0
Y50K,50,Y,K,0.0
Y50L,50,Y,L,0.0
Y50M,50,Y,M,0.0
Y50N,50,Y,N,0.0
Y50P,50,Y,P,0.0
Y50Q,50,Y,Q,0.0
Y50R,50,Y,R,0.0
Y50S,50,Y,S,0.0
Y50T,50,Y,T,0.0
Y50V,50,Y,V,0.0
Y50W,50,Y,W,0.0
Y57A,57,Y,A,0.0
Y57C,57,Y,C,0.0
Y57E,57,Y,E,0.0
Y163M,163,Y,M,0.0
Y57F,57,Y,F,0.0
Y57G,57,Y,G,0.0
Y57H,57,Y,H,0.0
Y57I,57,Y,I,0.0
Y57K,57,Y,K,0.0
Y57L,57,Y,L,0.0
Y57M,57,Y,M,0.0
Y57N,57,Y,N,0.0
Y57P,57,Y,P,0.0
Y57Q,57,Y,Q,0.0
Y57R,57,Y,R,0.0
Y57S,57,Y,S,0.0
Y57T,57,Y,T,0.0
Y57V,57,Y,V,0.0
Y50H,50,Y,H,0.0
Y50G,50,Y,G,0.0
Y50F,50,Y,F,0.0
Y50E,50,Y,E,0.0
Y163N,163,Y,N,0.0
Y163P,163,Y,P,0.0
Y163Q,163,Y,Q,0.0
Y163R,163,Y,R,0.0
Y163S,163,Y,S,0.0
Y163T,163,Y,T,0.0
Y163V,163,Y,V,0.0
Y174A,174,Y,A,0.0
Y174C,174,Y,C,0.0
Y174D,174,Y,D,0.0
Y174E,174,Y,E,0.0
Y174F,174,Y,F,0.0
Y174G,174,Y,G,0.0
Y174H,174,Y,H,0.0
Y174I,174,Y,I,0.0
Y174K,174,Y,K,0.0
Y174L,174,Y,L,0.0
Y174M,174,Y,M,0.0
Y174N,174,Y,N,0.0
Y174P,174,Y,P,0.0
Y174Q,174,Y,Q,0.0
Y174R,174,Y,R,0.0
Y174S,174,Y,S,0.0
Y174T,174,Y,T,0.0
Y174V,174,Y,V,0.0
Y174W,174,Y,W,0.0
Y50A,50,Y,A,0.0
Y50C,50,Y,C,0.0
Y50D,50,Y,D,0.0
W139A,139,W,A,0.0
V76Y,76,V,Y,0.0
V76W,76,V,W,0.0
V202M,202,V,M,0.0
V201S,201,V,S,0.0
V201T,201,V,T,0.0
V201W,201,V,W,0.0
V201Y,201,V,Y,0.0
V202A,202,V,A,0.0
V202C,202,V,C,0.0
V202D,202,V,D,0.0
V202E,202,V,E,0.0
V202F,202,V,F,0.0
V202G,202,V,G,0.0
V202H,202,V,H,0.0
V202I,202,V,I,0.0
V202K,202,V,K,0.0
V202L,202,V,L,0.0
V202N,202,V,N,0.0
V76T,76,V,T,0.0
V202P,202,V,P,0.0
V202Q,202,V,Q,0.0
V202R,202,V,R,0.0
V202S,202,V,S,0.0
V202T,202,V,T,0.0
V202W,202,V,W,0.0
V202Y,202,V,Y,0.0
V51A,51,V,A,0.0
V51C,51,V,C,0.0
V51D,51,V,D,0.0
V51E,51,V,E,0.0
V51F,51,V,F,0.0
V51G,51,V,G,0.0
V51H,51,V,H,0.0
V201R,201,V,R,0.0
V201Q,201,V,Q,0.0
V201P,201,V,P,0.0
V201N,201,V,N,0.0
V194C,194,V,C,0.0
V194D,194,V,D,0.0
V194E,194,V,E,0.0
V194F,194,V,F,0.0
V194G,194,V,G,0.0
V194H,194,V,H,0.0
V194I,194,V,I,0.0
V194K,194,V,K,0.0
V194L,194,V,L,0.0
V194M,194,V,M,0.0
V194N,194,V,N,0.0
V194P,194,V,P,0.0
V194Q,194,V,Q,0.0
V194R,194,V,R,0.0
V194S,194,V,S,0.0
V194T,194,V,T,0.0
V194W,194,V,W,0.0
V194Y,194,V,Y,0.0
V201A,201,V,A,0.0
V201C,201,V,C,0.0
V201D,201,V,D,0.0
V201E,201,V,E,0.0
V201F,201,V,F,0.0
V201G,201,V,G,0.0
V201H,201,V,H,0.0
V201I,201,V,I,0.0
V201K,201,V,K,0.0
V201L,201,V,L,0.0
V201M,201,V,M,0.0
V51I,51,V,I,0.0
V51K,51,V,K,0.0
V51L,51,V,L,0.0
V63F,63,V,F,0.0
V63H,63,V,H,0.0
V63I,63,V,I,0.0
V63K,63,V,K,0.0
V63L,63,V,L,0.0
V63M,63,V,M,0.0
V63N,63,V,N,0.0
V63P,63,V,P,0.0
V63Q,63,V,Q,0.0
V63R,63,V,R,0.0
V63S,63,V,S,0.0
V63T,63,V,T,0.0
V63W,63,V,W,0.0
V63Y,63,V,Y,0.0
V76A,76,V,A,0.0
V76C,76,V,C,0.0
V76D,76,V,D,0.0
V76E,76,V,E,0.0
V76F,76,V,F,0.0
V76G,76,V,G,0.0
V76H,76,V,H,0.0
V76I,76,V,I,0.0
V76K,76,V,K,0.0
V76L,76,V,L,0.0
V76M,76,V,M,0.0
V76N,76,V,N,0.0
V76P,76,V,P,0.0
V76Q,76,V,Q,0.0
V76R,76,V,R,0.0
V76S,76,V,S,0.0
V63G,63,V,G,0.0
V63E,63,V,E,0.0
V51M,51,V,M,0.0
V63D,63,V,D,0.0
V51N,51,V,N,0.0
V51P,51,V,P,0.0
V51Q,51,V,Q,0.0
V51R,51,V,R,0.0
V51S,51,V,S,0.0
V51T,51,V,T,0.0
V51W,51,V,W,0.0
V51Y,51,V,Y,0.0
V5A,5,V,A,0.0
V5C,5,V,C,0.0
V5D,5,V,D,0.0
V5E,5,V,E,0.0
V5F,5,V,F,0.0
V5G,5,V,G,0.0
V5H,5,V,H,0.0
V5I,5,V,I,0.0
V5K,5,V,K,0.0
V5L,5,V,L,0.0
V5M,5,V,M,0.0
V5N,5,V,N,0.0
V5P,5,V,P,0.0
V5Q,5,V,Q,0.0
V5R,5,V,R,0.0
V5S,5,V,S,0.0
V5T,5,V,T,0.0
V5W,5,V,W,0.0
V5Y,5,V,Y,0.0
V63A,63,V,A,0.0
V63C,63,V,C,0.0
T142W,142,T,W,0.0
T142V,142,T,V,0.0
T142S,142,T,S,0.0
R8H,8,R,H,0.0
R86N,86,R,N,0.0
R86P,86,R,P,0.0
R86Q,86,R,Q,0.0
R86S,86,R,S,0.0
R86T,86,R,T,0.0
R86V,86,R,V,0.0
R86W,86,R,W,0.0
R86Y,86,R,Y,0.0
R8A,8,R,A,0.0
R8C,8,R,C,0.0
R8D,8,R,D,0.0
R8E,8,R,E,0.0
R8F,8,R,F,0.0
R8G,8,R,G,0.0
R8I,8,R,I,0.0
R95F,95,R,F,0.0
R8K,8,R,K,0.0
R8L,8,R,L,0.0
R8M,8,R,M,0.0
R8N,8,R,N,0.0
R8P,8,R,P,0.0
R8Q,8,R,Q,0.0
R8S,8,R,S,0.0
R8T,8,R,T,0.0
R8V,8,R,V,0.0
R8W,8,R,W,0.0
R8Y,8,R,Y,0.0
R95A,95,R,A,0.0
R95C,95,R,C,0.0
R95D,95,R,D,0.0
R86M,86,R,M,0.0
R86L,86,R,L,0.0
R86K,86,R,K,0.0
R86I,86,R,I,0.0
R72V,72,R,V,0.0
R72W,72,R,W,0.0
R72Y,72,R,Y,0.0
R77A,77,R,A,0.0
R77C,77,R,C,0.0
R77D,77,R,D,0.0
R77E,77,R,E,0.0
R77F,77,R,F,0.0
R77G,77,R,G,0.0
R77H,77,R,H,0.0
R77I,77,R,I,0.0
R77K,77,R,K,0.0
R77L,77,R,L,0.0
R77M,77,R,M,0.0
R77N,77,R,N,0.0
R77P,77,R,P,0.0
R77Q,77,R,Q,0.0
R77S,77,R,S,0.0
R77T,77,R,T,0.0
R77V,77,R,V,0.0
R77W,77,R,W,0.0
R77Y,77,R,Y,0.0
R86A,86,R,A,0.0
R86C,86,R,C,0.0
R86D,86,R,D,0.0
R86E,86,R,E,0.0
R86F,86,R,F,0.0
R86G,86,R,G,0.0
R86H,86,R,H,0.0
R95E,95,R,E,0.0
R95G,95,R,G,0.0
S127R,127,S,R,0.0
S110V,110,S,V,0.0
S110D,110,S,D,0.0
S110E,110,S,E,0.0
S110F,110,S,F,0.0
S110G,110,S,G,0.0
S110H,110,S,H,0.0
S110I,110,S,I,0.0
S110K,110,S,K,0.0
S110L,110,S,L,0.0
S110M,110,S,M,0.0
S110N,110,S,N,0.0
S110P,110,S,P,0.0
S110Q,110,S,Q,0.0
S110R,110,S,R,0.0
S110T,110,S,T,0.0
S110W,110,S,W,0.0
R95H,95,R,H,0.0
S110Y,110,S,Y,0.0
S127A,127,S,A,0.0
S127C,127,S,C,0.0
S127D,127,S,D,0.0
S127E,127,S,E,0.0
S127F,127,S,F,0.0
S127G,127,S,G,0.0
S127H,127,S,H,0.0
S127I,127,S,I,0.0
S127K,127,S,K,0.0
S127L,127,S,L,0.0
S127M,127,S,M,0.0
S127N,127,S,N,0.0
S127P,127,S,P,0.0
S110C,110,S,C,0.0
S110A,110,S,A,0.0
S103Y,103,S,Y,0.0
S103W,103,S,W,0.0
R95I,95,R,I,0.0
R95K,95,R,K,0.0
R95L,95,R,L,0.0
R95M,95,R,M,0.0
R95N,95,R,N,0.0
R95P,95,R,P,0.0
R95Q,95,R,Q,0.0
R95S,95,R,S,0.0
R95T,95,R,T,0.0
R95V,95,R,V,0.0
R95W,95,R,W,0.0
R95Y,95,R,Y,0.0
S103A,103,S,A,0.0
S103C,103,S,C,0.0
S103D,103,S,D,0.0
S103E,103,S,E,0.0
S103F,103,S,F,0.0
S103G,103,S,G,0.0
S103H,103,S,H,0.0
S103I,103,S,I,0.0
S103K,103,S,K,0.0
S103L,103,S,L,0.0
S103M,103,S,M,0.0
S103N,103,S,N,0.0
S103P,103,S,P,0.0
S103Q,103,S,Q,0.0
S103R,103,S,R,0.0
S103T,103,S,T,0.0
S103V,103,S,V,0.0
R72T,72,R,T,0.0
R72S,72,R,S,0.0
R72Q,72,R,Q,0.0
R39H,39,R,H,0.0
R30N,30,R,N,0.0
R30P,30,R,P,0.0
R30Q,30,R,Q,0.0
R30S,30,R,S,0.0
R30T,30,R,T,0.0
R30V,30,R,V,0.0
R30W,30,R,W,0.0
R30Y,30,R,Y,0.0
R39A,39,R,A,0.0
R39C,39,R,C,0.0
R39D,39,R,D,0.0
R39E,39,R,E,0.0
R39F,39,R,F,0.0
R39G,39,R,G,0.0
R39I,39,R,I,0.0
R72P,72,R,P,0.0
R39K,39,R,K,0.0
R39L,39,R,L,0.0
R39M,39,R,M,0.0
R39N,39,R,N,0.0
R39P,39,R,P,0.0
R39Q,39,R,Q,0.0
R39S,39,R,S,0.0
R39T,39,R,T,0.0
R39V,39,R,V,0.0
R39W,39,R,W,0.0
R39Y,39,R,Y,0.0
R59A,59,R,A,0.0
R59C,59,R,C,0.0
R59D,59,R,D,0.0
R30M,30,R,M,0.0
R30L,30,R,L,0.0
R30K,30,R,K,0.0
R30I,30,R,I,0.0
R208V,208,R,V,0.0
R208W,208,R,W,0.0
R208Y,208,R,Y,0.0
R209A,209,R,A,0.0
R209C,209,R,C,0.0
R209D,209,R,D,0.0
R209E,209,R,E,0.0
R209F,209,R,F,0.0
R209G,209,R,G,0.0
R209H,209,R,H,0.0
R209I,209,R,I,0.0
R209K,209,R,K,0.0
R209L,209,R,L,0.0
R209M,209,R,M,0.0
R209N,209,R,N,0.0
R209P,209,R,P,0.0
R209Q,209,R,Q,0.0
R209S,209,R,S,0.0
R209T,209,R,T,0.0
R209V,209,R,V,0.0
R209W,209,R,W,0.0
R209Y,209,R,Y,0.0
R30A,30,R,A,0.0
R30C,30,R,C,0.0
R30D,30,R,D,0.0
R30E,30,R,E,0.0
R30F,30,R,F,0.0
R30G,30,R,G,0.0
R30H,30,R,H,0.0
R59E,59,R,E,0.0
R59F,59,R,F,0.0
R59G,59,R,G,0.0
R70A,70,R,A,0.0
R70D,70,R,D,0.0
R70E,70,R,E,0.0
R70F,70,R,F,0.0
R70G,70,R,G,0.0
R70H,70,R,H,0.0
R70I,70,R,I,0.0
R70K,70,R,K,0.0
R70L,70,R,L,0.0
R70M,70,R,M,0.0
R70N,70,R,N,0.0
R70P,70,R,P,0.0
R70Q,70,R,Q,0.0
R70S,70,R,S,0.0
R70T,70,R,T,0.0
R70V,70,R,V,0.0
R70W,70,R,W,0.0
R70Y,70,R,Y,0.0
R72A,72,R,A,0.0
R72C,72,R,C,0.0
R72D,72,R,D,0.0
R72E,72,R,E,0.0
R72F,72,R,F,0.0
R72G,72,R,G,0.0
R72H,72,R,H,0.0
R72I,72,R,I,0.0
R72K,72,R,K,0.0
R72L,72,R,L,0.0
R72M,72,R,M,0.0
R72N,72,R,N,0.0
R70C,70,R,C,0.0
R62Y,62,R,Y,0.0
R59H,59,R,H,0.0
R62W,62,R,W,0.0
R59I,59,R,I,0.0
R59K,59,R,K,0.0
R59L,59,R,L,0.0
R59M,59,R,M,0.0
R59N,59,R,N,0.0
R59P,59,R,P,0.0
R59Q,59,R,Q,0.0
R59S,59,R,S,0.0
R59T,59,R,T,0.0
R59V,59,R,V,0.0
R59W,59,R,W,0.0
R59Y,59,R,Y,0.0
R62A,62,R,A,0.0
R62C,62,R,C,0.0
R62D,62,R,D,0.0
R62E,62,R,E,0.0
R62F,62,R,F,0.0
R62G,62,R,G,0.0
R62H,62,R,H,0.0
R62I,62,R,I,0.0
R62K,62,R,K,0.0
R62L,62,R,L,0.0
R62M,62,R,M,0.0
R62N,62,R,N,0.0
R62P,62,R,P,0.0
R62Q,62,R,Q,0.0
R62S,62,R,S,0.0
R62T,62,R,T,0.0
R62V,62,R,V,0.0
S127Q,127,S,Q,0.0
S127T,127,S,T,0.0
T142R,142,T,R,0.0
S49I,49,S,I,0.0
S46P,46,S,P,0.0
S46Q,46,S,Q,0.0
S46R,46,S,R,0.0
S46T,46,S,T,0.0
S46V,46,S,V,0.0
S46W,46,S,W,0.0
S46Y,46,S,Y,0.0
S49A,49,S,A,0.0
S49C,49,S,C,0.0
S49D,49,S,D,0.0
S49E,49,S,E,0.0
S49F,49,S,F,0.0
S49G,49,S,G,0.0
S49H,49,S,H,0.0
S49K,49,S,K,0.0
S69G,69,S,G,0.0
S49L,49,S,L,0.0
S49M,49,S,M,0.0
S49N,49,S,N,0.0
S49P,49,S,P,0.0
S49Q,49,S,Q,0.0
S49R,49,S,R,0.0
S49T,49,S,T,0.0
S49V,49,S,V,0.0
S49W,49,S,W,0.0
S49Y,49,S,Y,0.0
S69A,69,S,A,0.0
S69C,69,S,C,0.0
S69D,69,S,D,0.0
S69E,69,S,E,0.0
S46N,46,S,N,0.0
S46M,46,S,M,0.0
S46L,46,S,L,0.0
S46K,46,S,K,0.0
S33W,33,S,W,0.0
S33Y,33,S,Y,0.0
S34A,34,S,A,0.0
S34C,34,S,C,0.0
S34D,34,S,D,0.0
S34E,34,S,E,0.0
S34F,34,S,F,0.0
S34G,34,S,G,0.0
S34H,34,S,H,0.0
S34I,34,S,I,0.0
S34K,34,S,K,0.0
S34L,34,S,L,0.0
S34M,34,S,M,0.0
S34N,34,S,N,0.0
S34P,34,S,P,0.0
S34Q,34,S,Q,0.0
S34R,34,S,R,0.0
S34T,34,S,T,0.0
S34V,34,S,V,0.0
S34W,34,S,W,0.0
S34Y,34,S,Y,0.0
S46A,46,S,A,0.0
S46C,46,S,C,0.0
S46D,46,S,D,0.0
S46E,46,S,E,0.0
S46F,46,S,F,0.0
S46G,46,S,G,0.0
S46H,46,S,H,0.0
S46I,46,S,I,0.0
S69F,69,S,F,0.0
S69H,69,S,H,0.0
S127V,127,S,V,0.0
T131W,131,T,W,0.0
T131E,131,T,E,0.0
T131F,131,T,F,0.0
T131G,131,T,G,0.0
T131H,131,T,H,0.0
T131I,131,T,I,0.0
T131K,131,T,K,0.0
T131L,131,T,L,0.0
T131M,131,T,M,0.0
T131N,131,T,N,0.0
T131P,131,T,P,0.0
T131Q,131,T,Q,0.0
T131R,131,T,R,0.0
T131S,131,T,S,0.0
T131V,131,T,V,0.0
T131Y,131,T,Y,0.0
S69I,69,S,I,0.0
T142A,142,T,A,0.0
T142C,142,T,C,0.0
T142D,142,T,D,0.0
T142E,142,T,E,0.0
T142F,142,T,F,0.0
T142G,142,T,G,0.0
T142H,142,T,H,0.0
T142I,142,T,I,0.0
T142K,142,T,K,0.0
T142L,142,T,L,0.0
T142M,142,T,M,0.0
T142N,142,T,N,0.0
T142P,142,T,P,0.0
T142Q,142,T,Q,0.0
T131D,131,T,D,0.0
T131C,131,T,C,0.0
T131A,131,T,A,0.0
T115Y,115,T,Y,0.0
S69K,69,S,K,0.0
S69L,69,S,L,0.0
S69M,69,S,M,0.0
S69N,69,S,N,0.0
S69P,69,S,P,0.0
S69Q,69,S,Q,0.0
S69R,69,S,R,0.0
S69T,69,S,T,0.0
S69V,69,S,V,0.0
S69W,69,S,W,0.0
S69Y,69,S,Y,0.0
T115A,115,T,A,0.0
T115C,115,T,C,0.0
T115D,115,T,D,0.0
T115E,115,T,E,0.0
T115F,115,T,F,0.0
T115G,115,T,G,0.0
T115H,115,T,H,0.0
T115I,115,T,I,0.0
T115K,115,T,K,0.0
T115L,115,T,L,0.0
T115M,115,T,M,0.0
T115N,115,T,N,0.0
T115P,115,T,P,0.0
T115Q,115,T,Q,0.0
T115R,115,T,R,0.0
T115S,115,T,S,0.0
T115V,115,T,V,0.0
T115W,115,T,W,0.0
S33V,33,S,V,0.0
S33T,33,S,T,0.0
S33R,33,S,R,0.0
S198I,198,S,I,0.0
S195P,195,S,P,0.0
S195Q,195,S,Q,0.0
S195R,195,S,R,0.0
S195T,195,S,T,0.0
S195V,195,S,V,0.0
S195W,195,S,W,0.0
S195Y,195,S,Y,0.0
S198A,198,S,A,0.0
S198C,198,S,C,0.0
S198D,198,S,D,0.0
S198E,198,S,E,0.0
S198F,198,S,F,0.0
S198G,198,S,G,0.0
S198H,198,S,H,0.0
S198K,198,S,K,0.0
S33Q,33,S,Q,0.0
S198L,198,S,L,0.0
S198M,198,S,M,0.0
S198N,198,S,N,0.0
S198P,198,S,P,0.0
S198Q,198,S,Q,0.0
S198R,198,S,R,0.0
S198T,198,S,T,0.0
S198V,198,S,V,0.0
S198W,198,S,W,0.0
S198Y,198,S,Y,0.0
S206A,206,S,A,0.0
S206C,206,S,C,0.0
S206D,206,S,D,0.0
S206E,206,S,E,0.0
S195N,195,S,N,0.0
S195M,195,S,M,0.0
S195L,195,S,L,0.0
S195K,195,S,K,0.0
S127W,127,S,W,0.0
S127Y,127,S,Y,0.0
S148A,148,S,A,0.0
S148C,148,S,C,0.0
S148D,148,S,D,0.0
S148E,148,S,E,0.0
S148F,148,S,F,0.0
S148G,148,S,G,0.0
S148H,148,S,H,0.0
S148I,148,S,I,0.0
S148K,148,S,K,0.0
S148L,148,S,L,0.0
S148M,148,S,M,0.0
S148N,148,S,N,0.0
S148P,148,S,P,0.0
S148Q,148,S,Q,0.0
S148R,148,S,R,0.0
S148T,148,S,T,0.0
S148V,148,S,V,0.0
S148W,148,S,W,0.0
S148Y,148,S,Y,0.0
S195A,195,S,A,0.0
S195C,195,S,C,0.0
S195D,195,S,D,0.0
S195E,195,S,E,0.0
S195F,195,S,F,0.0
S195G,195,S,G,0.0
S195H,195,S,H,0.0
S195I,195,S,I,0.0
S206F,206,S,F,0.0
S206G,206,S,G,0.0
S206H,206,S,H,0.0
S31C,31,S,C,0.0
S31E,31,S,E,0.0
S31F,31,S,F,0.0
S31G,31,S,G,0.0
S31H,31,S,H,0.0
S31I,31,S,I,0.0
S31K,31,S,K,0.0
S31L,31,S,L,0.0
S31M,31,S,M,0.0
S31N,31,S,N,0.0
S31P,31,S,P,0.0
S31Q,31,S,Q,0.0
S31R,31,S,R,0.0
S31T,31,S,T,0.0
S31V,31,S,V,0.0
S31W,31,S,W,0.0
S31Y,31,S,Y,0.0
S33A,33,S,A,0.0
S33C,33,S,C,0.0
S33D,33,S,D,0.0
S33E,33,S,E,0.0
S33F,33,S,F,0.0
S33G,33,S,G,0.0
S33H,33,S,H,0.0
S33I,33,S,I,0.0
S33K,33,S,K,0.0
S33L,33,S,L,0.0
S33M,33,S,M,0.0
S33N,33,S,N,0.0
S33P,33,S,P,0.0
S31D,31,S,D,0.0
S31A,31,S,A,0.0
S206I,206,S,I,0.0
S207Y,207,S,Y,0.0
S206K,206,S,K,0.0
S206L,206,S,L,0.0
S206M,206,S,M,0.0
S206N,206,S,N,0.0
S206P,206,S,P,0.0
S206Q,206,S,Q,0.0
S206R,206,S,R,0.0
S206T,206,S,T,0.0
S206V,206,S,V,0.0
S206W,206,S,W,0.0
S206Y,206,S,Y,0.0
S207A,207,S,A,0.0
S207C,207,S,C,0.0
S207D,207,S,D,0.0
S207E,207,S,E,0.0
S207F,207,S,F,0.0
S207G,207,S,G,0.0
S207H,207,S,H,0.0
S207I,207,S,I,0.0
S207K,207,S,K,0.0
S207L,207,S,L,0.0
S207M,207,S,M,0.0
S207N,207,S,N,0.0
S207P,207,S,P,0.0
S207Q,207,S,Q,0.0
S207R,207,S,R,0.0
S207T,207,S,T,0.0
S207V,207,S,V,0.0
S207W,207,S,W,0.0
L220K,220,L,K,0.0
L220H,220,L,H,0.0
A113D,113,A,D,0.0
E217V,217,E,V,0.0
E217D,217,E,D,0.0
E217F,217,E,F,0.0
E217G,217,E,G,0.0
E217H,217,E,H,0.0
E217I,217,E,I,0.0
E217K,217,E,K,0.0
E217L,217,E,L,0.0
E217M,217,E,M,0.0
E217N,217,E,N,0.0
E217P,217,E,P,0.0
E217Q,217,E,Q,0.0
E217R,217,E,R,0.0
E217S,217,E,S,0.0
E217T,217,E,T,0.0
E217W,217,E,W,0.0
E21S,21,E,S,0.0
E217Y,217,E,Y,0.0
E21A,21,E,A,0.0
E21C,21,E,C,0.0
E21D,21,E,D,0.0
E21F,21,E,F,0.0
E21G,21,E,G,0.0
E21H,21,E,H,0.0
E21I,21,E,I,0.0
E21K,21,E,K,0.0
E21L,21,E,L,0.0
E21M,21,E,M,0.0
E21N,21,E,N,0.0
E21P,21,E,P,0.0
E21Q,21,E,Q,0.0
E217C,217,E,C,0.0
E217A,217,E,A,0.0
E212Y,212,E,Y,0.0
E212W,212,E,W,0.0
E199K,199,E,K,0.0
E199L,199,E,L,0.0
E199M,199,E,M,0.0
E199N,199,E,N,0.0
E199P,199,E,P,0.0
E199Q,199,E,Q,0.0
E199R,199,E,R,0.0
E199S,199,E,S,0.0
E199T,199,E,T,0.0
E199V,199,E,V,0.0
E199W,199,E,W,0.0
E199Y,199,E,Y,0.0
E212A,212,E,A,0.0
E212C,212,E,C,0.0
E212D,212,E,D,0.0
E212F,212,E,F,0.0
E212G,212,E,G,0.0
E212H,212,E,H,0.0
E212I,212,E,I,0.0
E212K,212,E,K,0.0
E212L,212,E,L,0.0
E212M,212,E,M,0.0
E212N,212,E,N,0.0
E212P,212,E,P,0.0
E212Q,212,E,Q,0.0
E212R,212,E,R,0.0
E212S,212,E,S,0.0
E212T,212,E,T,0.0
E212V,212,E,V,0.0
E21R,21,E,R,0.0
E21T,21,E,T,0.0
E199H,199,E,H,0.0
E38K,38,E,K,0.0
E226Q,226,E,Q,0.0
E226R,226,E,R,0.0
E226S,226,E,S,0.0
E226T,226,E,T,0.0
E226V,226,E,V,0.0
E226W,226,E,W,0.0
E226Y,226,E,Y,0.0
E38A,38,E,A,0.0
E38C,38,E,C,0.0
E38D,38,E,D,0.0
E38F,38,E,F,0.0
E38G,38,E,G,0.0
E38H,38,E,H,0.0
E38I,38,E,I,0.0
E38L,38,E,L,0.0
E21V,21,E,V,0.0
E38M,38,E,M,0.0
E38N,38,E,N,0.0
E38P,38,E,P,0.0
E38Q,38,E,Q,0.0
E38R,38,E,R,0.0
E38S,38,E,S,0.0
E38T,38,E,T,0.0
E38V,38,E,V,0.0
E38W,38,E,W,0.0
E38Y,38,E,Y,0.0
E41A,41,E,A,0.0
E41C,41,E,C,0.0
E41D,41,E,D,0.0
E41F,41,E,F,0.0
E226P,226,E,P,0.0
E226N,226,E,N,0.0
E226M,226,E,M,0.0
E226L,226,E,L,0.0
E21W,21,E,W,0.0
E21Y,21,E,Y,0.0
E224A,224,E,A,0.0
E224C,224,E,C,0.0
E224D,224,E,D,0.0
E224F,224,E,F,0.0
E224G,224,E,G,0.0
E224H,224,E,H,0.0
E224I,224,E,I,0.0
E224K,224,E,K,0.0
E224L,224,E,L,0.0
E224M,224,E,M,0.0
E224N,224,E,N,0.0
E224P,224,E,P,0.0
E224Q,224,E,Q,0.0
E224R,224,E,R,0.0
E224S,224,E,S,0.0
E224T,224,E,T,0.0
E224V,224,E,V,0.0
E224W,224,E,W,0.0
E224Y,224,E,Y,0.0
E226A,226,E,A,0.0
E226C,226,E,C,0.0
E226D,226,E,D,0.0
E226F,226,E,F,0.0
E226G,226,E,G,0.0
E226H,226,E,H,0.0
E226I,226,E,I,0.0
E226K,226,E,K,0.0
E199I,199,E,I,0.0
E199G,199,E,G,0.0
E109G,109,E,G,0.0
E133T,133,E,T,0.0
E133C,133,E,C,0.0
E133D,133,E,D,0.0
E133F,133,E,F,0.0
E133G,133,E,G,0.0
E133H,133,E,H,0.0
E133I,133,E,I,0.0
E133K,133,E,K,0.0
E133L,133,E,L,0.0
E133M,133,E,M,0.0
E133N,133,E,N,0.0
E133P,133,E,P,0.0
E133Q,133,E,Q,0.0
E133R,133,E,R,0.0
E133S,133,E,S,0.0
E133V,133,E,V,0.0
E146R,146,E,R,0.0
E133W,133,E,W,0.0
E133Y,133,E,Y,0.0
E146A,146,E,A,0.0
E146C,146,E,C,0.0
E146D,146,E,D,0.0
E146F,146,E,F,0.0
E146G,146,E,G,0.0
E146H,146,E,H,0.0
E146I,146,E,I,0.0
E146K,146,E,K,0.0
E146L,146,E,L,0.0
E146M,146,E,M,0.0
E146N,146,E,N,0.0
E146P,146,E,P,0.0
E133A,133,E,A,0.0
E117Y,117,E,Y,0.0
E117W,117,E,W,0.0
E117V,117,E,V,0.0
E109I,109,E,I,0.0
E109K,109,E,K,0.0
E109L,109,E,L,0.0
E109M,109,E,M,0.0
E109N,109,E,N,0.0
E109P,109,E,P,0.0
E109Q,109,E,Q,0.0
E109R,109,E,R,0.0
E109S,109,E,S,0.0
E109T,109,E,T,0.0
E109V,109,E,V,0.0
E109W,109,E,W,0.0
E109Y,109,E,Y,0.0
E117A,117,E,A,0.0
E117C,117,E,C,0.0
E117D,117,E,D,0.0
E117F,117,E,F,0.0
E117G,117,E,G,0.0
E117H,117,E,H,0.0
E117I,117,E,I,0.0
E117K,117,E,K,0.0
E117L,117,E,L,0.0
E117M,117,E,M,0.0
E117N,117,E,N,0.0
E117P,117,E,P,0.0
E117Q,117,E,Q,0.0
E117R,117,E,R,0.0
E117S,117,E,S,0.0
E117T,117,E,T,0.0
E146Q,146,E,Q,0.0
E146S,146,E,S,0.0
E199F,199,E,F,0.0
E187I,187,E,I,0.0
E182P,182,E,P,0.0
E182Q,182,E,Q,0.0
E182R,182,E,R,0.0
E182S,182,E,S,0.0
E182T,182,E,T,0.0
E182V,182,E,V,0.0
E182W,182,E,W,0.0
E182Y,182,E,Y,0.0
E187A,187,E,A,0.0
E187C,187,E,C,0.0
E187D,187,E,D,0.0
E187F,187,E,F,0.0
E187G,187,E,G,0.0
E187H,187,E,H,0.0
E187K,187,E,K,0.0
E146T,146,E,T,0.0
E187L,187,E,L,0.0
E187M,187,E,M,0.0
E187N,187,E,N,0.0
E187P,187,E,P,0.0
E187Q,187,E,Q,0.0
E187R,187,E,R,0.0
E187S,187,E,S,0.0
E187T,187,E,T,0.0
E187V,187,E,V,0.0
E187W,187,E,W,0.0
E187Y,187,E,Y,0.0
E199A,199,E,A,0.0
E199C,199,E,C,0.0
E199D,199,E,D,0.0
E182N,182,E,N,0.0
E182M,182,E,M,0.0
E182L,182,E,L,0.0
E182K,182,E,K,0.0
E146V,146,E,V,0.0
E146W,146,E,W,0.0
E146Y,146,E,Y,0.0
E162A,162,E,A,0.0
E162C,162,E,C,0.0
E162D,162,E,D,0.0
E162F,162,E,F,0.0
E162G,162,E,G,0.0
E162H,162,E,H,0.0
E162I,162,E,I,0.0
E162K,162,E,K,0.0
E162L,162,E,L,0.0
E162M,162,E,M,0.0
E162N,162,E,N,0.0
E162P,162,E,P,0.0
E162Q,162,E,Q,0.0
E162R,162,E,R,0.0
E162S,162,E,S,0.0
E162T,162,E,T,0.0
E162V,162,E,V,0.0
E162W,162,E,W,0.0
E162Y,162,E,Y,0.0
E182A,182,E,A,0.0
E182C,182,E,C,0.0
E182D,182,E,D,0.0
E182F,182,E,F,0.0
E182G,182,E,G,0.0
E182H,182,E,H,0.0
E182I,182,E,I,0.0
E41G,41,E,G,0.0
E41H,41,E,H,0.0
E41I,41,E,I,0.0
F188Y,188,F,Y,0.0
F188G,188,F,G,0.0
F188H,188,F,H,0.0
F188I,188,F,I,0.0
F188K,188,F,K,0.0
F188L,188,F,L,0.0
F188M,188,F,M,0.0
F188N,188,F,N,0.0
F188P,188,F,P,0.0
F188Q,188,F,Q,0.0
F188R,188,F,R,0.0
F188S,188,F,S,0.0
F188T,188,F,T,0.0
F188V,188,F,V,0.0
F188W,188,F,W,0.0
F42A,42,F,A,0.0
F42V,42,F,V,0.0
F42C,42,F,C,0.0
F42D,42,F,D,0.0
F42E,42,F,E,0.0
F42G,42,F,G,0.0
F42H,42,F,H,0.0
F42I,42,F,I,0.0
F42K,42,F,K,0.0
F42L,42,F,L,0.0
F42M,42,F,M,0.0
F42N,42,F,N,0.0
F42P,42,F,P,0.0
F42Q,42,F,Q,0.0
F42R,42,F,R,0.0
F42S,42,F,S,0.0
F188E,188,F,E,0.0
F188D,188,F,D,0.0
F188C,188,F,C,0.0
F188A,188,F,A,0.0
F124M,124,F,M,0.0
F124N,124,F,N,0.0
F124P,124,F,P,0.0
F124Q,124,F,Q,0.0
F124R,124,F,R,0.0
F124S,124,F,S,0.0
F124T,124,F,T,0.0
F124V,124,F,V,0.0
F124W,124,F,W,0.0
F124Y,124,F,Y,0.0
F17A,17,F,A,0.0
F17C,17,F,C,0.0
F17D,17,F,D,0.0
F17E,17,F,E,0.0
F17G,17,F,G,0.0
F17H,17,F,H,0.0
F17I,17,F,I,0.0
F17K,17,F,K,0.0
F17L,17,F,L,0.0
F17M,17,F,M,0.0
F17N,17,F,N,0.0
F17P,17,F,P,0.0
F17Q,17,F,Q,0.0
F17R,17,F,R,0.0
F17S,17,F,S,0.0
F17T,17,F,T,0.0
F17V,17,F,V,0.0
F17W,17,F,W,0.0
F17Y,17,F,Y,0.0
F42T,42,F,T,0.0
F42W,42,F,W,0.0
E41K,41,E,K,0.0
G104N,104,G,N,0.0
F88S,88,F,S,0.0
F88T,88,F,T,0.0
F88V,88,F,V,0.0
F88Y,88,F,Y,0.0
G104A,104,G,A,0.0
G104C,104,G,C,0.0
G104D,104,G,D,0.0
G104E,104,G,E,0.0
G104F,104,G,F,0.0
G104H,104,G,H,0.0
G104I,104,G,I,0.0
G104K,104,G,K,0.0
G104L,104,G,L,0.0
G104M,104,G,M,0.0
G104P,104,G,P,0.0
F42Y,42,F,Y,0.0
G104Q,104,G,Q,0.0
G104R,104,G,R,0.0
G104S,104,G,S,0.0
G104T,104,G,T,0.0
G104V,104,G,V,0.0
G104W,104,G,W,0.0
G104Y,104,G,Y,0.0
G105A,105,G,A,0.0
G105C,105,G,C,0.0
G105D,105,G,D,0.0
G105E,105,G,E,0.0
G105F,105,G,F,0.0
G105H,105,G,H,0.0
G105I,105,G,I,0.0
F88R,88,F,R,0.0
F88Q,88,F,Q,0.0
F88P,88,F,P,0.0
F88N,88,F,N,0.0
F60A,60,F,A,0.0
F60C,60,F,C,0.0
F60D,60,F,D,0.0
F60E,60,F,E,0.0
F60G,60,F,G,0.0
F60H,60,F,H,0.0
F60I,60,F,I,0.0
F60K,60,F,K,0.0
F60L,60,F,L,0.0
F60M,60,F,M,0.0
F60N,60,F,N,0.0
F60P,60,F,P,0.0
F60Q,60,F,Q,0.0
F60R,60,F,R,0.0
F60S,60,F,S,0.0
F60T,60,F,T,0.0
F60V,60,F,V,0.0
F60W,60,F,W,0.0
F60Y,60,F,Y,0.0
F88A,88,F,A,0.0
F88C,88,F,C,0.0
F88D,88,F,D,0.0
F88E,88,F,E,0.0
F88G,88,F,G,0.0
F88H,88,F,H,0.0
F88I,88,F,I,0.0
F88K,88,F,K,0.0
F88L,88,F,L,0.0
F88M,88,F,M,0.0
F124L,124,F,L,0.0
F124K,124,F,K,0.0
F124I,124,F,I,0.0
E83Y,83,E,Y,0.0
E83F,83,E,F,0.0
E83G,83,E,G,0.0
E83H,83,E,H,0.0
E83I,83,E,I,0.0
E83K,83,E,K,0.0
E83L,83,E,L,0.0
E83M,83,E,M,0.0
E83N,83,E,N,0.0
E83P,83,E,P,0.0
E83Q,83,E,Q,0.0
E83R,83,E,R,0.0
E83S,83,E,S,0.0
E83T,83,E,T,0.0
E83V,83,E,V,0.0
E87A,87,E,A,0.0
F124H,124,F,H,0.0
E87C,87,E,C,0.0
E87D,87,E,D,0.0
E87F,87,E,F,0.0
E87G,87,E,G,0.0
E87H,87,E,H,0.0
E87I,87,E,I,0.0
E87K,87,E,K,0.0
E87L,87,E,L,0.0
E87M,87,E,M,0.0
E87N,87,E,N,0.0
E87P,87,E,P,0.0
E87Q,87,E,Q,0.0
E87R,87,E,R,0.0
E87S,87,E,S,0.0
E83D,83,E,D,0.0
E83C,83,E,C,0.0
E83A,83,E,A,0.0
E65Y,65,E,Y,0.0
E41L,41,E,L,0.0
E41M,41,E,M,0.0
E41N,41,E,N,0.0
E41P,41,E,P,0.0
E41Q,41,E,Q,0.0
E41R,41,E,R,0.0
E41S,41,E,S,0.0
E41T,41,E,T,0.0
E41V,41,E,V,0.0
E41W,41,E,W,0.0
E41Y,41,E,Y,0.0
E65A,65,E,A,0.0
E65C,65,E,C,0.0
E65D,65,E,D,0.0
E65F,65,E,F,0.0
E65G,65,E,G,0.0
E65H,65,E,H,0.0
E65I,65,E,I,0.0
E65K,65,E,K,0.0
E65L,65,E,L,0.0
E65M,65,E,M,0.0
E65N,65,E,N,0.0
E65P,65,E,P,0.0
E65Q,65,E,Q,0.0
E65R,65,E,R,0.0
E65S,65,E,S,0.0
E65T,65,E,T,0.0
E65V,65,E,V,0.0
E65W,65,E,W,0.0
E87T,87,E,T,0.0
E87V,87,E,V,0.0
E87W,87,E,W,0.0
E92Q,92,E,Q,0.0
E92S,92,E,S,0.0
E92T,92,E,T,0.0
E92V,92,E,V,0.0
E92W,92,E,W,0.0
E92Y,92,E,Y,0.0
F106A,106,F,A,0.0
F106C,106,F,C,0.0
F106D,106,F,D,0.0
F106E,106,F,E,0.0
F106G,106,F,G,0.0
F106H,106,F,H,0.0
F106I,106,F,I,0.0
F106K,106,F,K,0.0
F106L,106,F,L,0.0
F106M,106,F,M,0.0
F106N,106,F,N,0.0
F106P,106,F,P,0.0
F106Q,106,F,Q,0.0
F106R,106,F,R,0.0
F106S,106,F,S,0.0
F106T,106,F,T,0.0
F106V,106,F,V,0.0
F106W,106,F,W,0.0
F106Y,106,F,Y,0.0
F124A,124,F,A,0.0
F124C,124,F,C,0.0
F124D,124,F,D,0.0
F124E,124,F,E,0.0
F124G,124,F,G,0.0
E92R,92,E,R,0.0
E92P,92,E,P,0.0
E87Y,87,E,Y,0.0
E92N,92,E,N,0.0
E89A,89,E,A,0.0
E89C,89,E,C,0.0
E89D,89,E,D,0.0
E89F,89,E,F,0.0
E89G,89,E,G,0.0
E89H,89,E,H,0.0
E89I,89,E,I,0.0
E89K,89,E,K,0.0
E89L,89,E,L,0.0
E89M,89,E,M,0.0
E89N,89,E,N,0.0
E89P,89,E,P,0.0
E89Q,89,E,Q,0.0
E89R,89,E,R,0.0
E89S,89,E,S,0.0
E89T,89,E,T,0.0
E89V,89,E,V,0.0
E89W,89,E,W,0.0
E89Y,89,E,Y,0.0
E92A,92,E,A,0.0
E92C,92,E,C,0.0
E92D,92,E,D,0.0
E92F,92,E,F,0.0
E92G,92,E,G,0.0
E92H,92,E,H,0.0
E92I,92,E,I,0.0
E92K,92,E,K,0.0
E92L,92,E,L,0.0
E92M,92,E,M,0.0
E109H,109,E,H,0.0
E109F,109,E,F,0.0
L220G,220,L,G,0.0
A32Q,32,A,Q,0.0
A26W,26,A,W,0.0
A26Y,26,A,Y,0.0
A32C,32,A,C,0.0
A32D,32,A,D,0.0
A32E,32,A,E,0.0
A32F,32,A,F,0.0
A32G,32,A,G,0.0
A32H,32,A,H,0.0
A32I,32,A,I,0.0
A32K,32,A,K,0.0
A32L,32,A,L,0.0
A32M,32,A,M,0.0
A32N,32,A,N,0.0
A32P,32,A,P,0.0
A32R,32,A,R,0.0
A53N,53,A,N,0.0
A32S,32,A,S,0.0
A32T,32,A,T,0.0
A32V,32,A,V,0.0
A32W,32,A,W,0.0
A32Y,32,A,Y,0.0
A53C,53,A,C,0.0
A53D,53,A,D,0.0
A53E,53,A,E,0.0
A53F,53,A,F,0.0
A53G,53,A,G,0.0
A53H,53,A,H,0.0
A53I,53,A,I,0.0
A53K,53,A,K,0.0
A53L,53,A,L,0.0
A26V,26,A,V,0.0
A26T,26,A,T,0.0
A26S,26,A,S,0.0
A26R,26,A,R,0.0
A219F,219,A,F,0.0
A219G,219,A,G,0.0
A219H,219,A,H,0.0
A219I,219,A,I,0.0
A219K,219,A,K,0.0
A219L,219,A,L,0.0
A219M,219,A,M,0.0
A219N,219,A,N,0.0
A219P,219,A,P,0.0
A219Q,219,A,Q,0.0
A219R,219,A,R,0.0
A219S,219,A,S,0.0
A219T,219,A,T,0.0
A219V,219,A,V,0.0
A219W,219,A,W,0.0
A219Y,219,A,Y,0.0
A26C,26,A,C,0.0
A26D,26,A,D,0.0
A26E,26,A,E,0.0
A26F,26,A,F,0.0
A26G,26,A,G,0.0
A26H,26,A,H,0.0
A26I,26,A,I,0.0
A26K,26,A,K,0.0
A26L,26,A,L,0.0
A26M,26,A,M,0.0
A26N,26,A,N,0.0
A26P,26,A,P,0.0
A26Q,26,A,Q,0.0
A53M,53,A,M,0.0
A53P,53,A,P,0.0
A219D,219,A,D,0.0
A82G,82,A,G,0.0
A73L,73,A,L,0.0
A73M,73,A,M,0.0
A73N,73,A,N,0.0
A73P,73,A,P,0.0
A73Q,73,A,Q,0.0
A73R,73,A,R,0.0
A73S,73,A,S,0.0
A73T,73,A,T,0.0
A73V,73,A,V,0.0
A73Y,73,A,Y,0.0
A82C,82,A,C,0.0
A82D,82,A,D,0.0
A82E,82,A,E,0.0
A82F,82,A,F,0.0
A82H,82,A,H,0.0
A53Q,53,A,Q,0.0
A82I,82,A,I,0.0
A82K,82,A,K,0.0
A82L,82,A,L,0.0
A82M,82,A,M,0.0
A82N,82,A,N,0.0
A82P,82,A,P,0.0
A82Q,82,A,Q,0.0
A82R,82,A,R,0.0
A82S,82,A,S,0.0
A82T,82,A,T,0.0
A82V,82,A,V,0.0
A82W,82,A,W,0.0
A82Y,82,A,Y,0.0
A85C,85,A,C,0.0
A73K,73,A,K,0.0
A73I,73,A,I,0.0
A73H,73,A,H,0.0
A73G,73,A,G,0.0
A53R,53,A,R,0.0
A53S,53,A,S,0.0
A53T,53,A,T,0.0
A53V,53,A,V,0.0
A53W,53,A,W,0.0
A53Y,53,A,Y,0.0
A55C,55,A,C,0.0
A55D,55,A,D,0.0
A55E,55,A,E,0.0
A55F,55,A,F,0.0
A55G,55,A,G,0.0
A55H,55,A,H,0.0
A55I,55,A,I,0.0
A55K,55,A,K,0.0
A55L,55,A,L,0.0
A55M,55,A,M,0.0
A55N,55,A,N,0.0
A55P,55,A,P,0.0
A55Q,55,A,Q,0.0
A55R,55,A,R,0.0
A55S,55,A,S,0.0
A55T,55,A,T,0.0
A55V,55,A,V,0.0
A55W,55,A,W,0.0
A55Y,55,A,Y,0.0
A73C,73,A,C,0.0
A73D,73,A,D,0.0
A73E,73,A,E,0.0
A73F,73,A,F,0.0
A219E,219,A,E,0.0
A219C,219,A,C,0.0
E109D,109,E,D,0.0
A183P,183,A,P,0.0
A118V,118,A,V,0.0
A118W,118,A,W,0.0
A118Y,118,A,Y,0.0
A183C,183,A,C,0.0
A183D,183,A,D,0.0
A183E,183,A,E,0.0
A183F,183,A,F,0.0
A183G,183,A,G,0.0
A183H,183,A,H,0.0
A183I,183,A,I,0.0
A183K,183,A,K,0.0
A183L,183,A,L,0.0
A183M,183,A,M,0.0
A183N,183,A,N,0.0
A183Q,183,A,Q,0.0
A211M,211,A,M,0.0
A183R,183,A,R,0.0
A183S,183,A,S,0.0
A183T,183,A,T,0.0
A183V,183,A,V,0.0
A183W,183,A,W,0.0
A183Y,183,A,Y,0.0
A211C,211,A,C,0.0
A211D,211,A,D,0.0
A211E,211,A,E,0.0
A211F,211,A,F,0.0
A211G,211,A,G,0.0
A211H,211,A,H,0.0
A211I,211,A,I,0.0
A211K,211,A,K,0.0
A118T,118,A,T,0.0
A118S,118,A,S,0.0
A118R,118,A,R,0.0
A118Q,118,A,Q,0.0
A113E,113,A,E,0.0
A113F,113,A,F,0.0
A113G,113,A,G,0.0
A113H,113,A,H,0.0
A113I,113,A,I,0.0
A113K,113,A,K,0.0
A113L,113,A,L,0.0
A113M,113,A,M,0.0
A113N,113,A,N,0.0
A113P,113,A,P,0.0
A113Q,113,A,Q,0.0
A113R,113,A,R,0.0
A113S,113,A,S,0.0
A113T,113,A,T,0.0
A113V,113,A,V,0.0
A113W,113,A,W,0.0
A113Y,113,A,Y,0.0
A118C,118,A,C,0.0
A118D,118,A,D,0.0
A118E,118,A,E,0.0
A118F,118,A,F,0.0
A118G,118,A,G,0.0
A118H,118,A,H,0.0
A118I,118,A,I,0.0
A118K,118,A,K,0.0
A118L,118,A,L,0.0
A118M,118,A,M,0.0
A118N,118,A,N,0.0
A118P,118,A,P,0.0
A211L,211,A,L,0.0
A211N,211,A,N,0.0
A216Y,216,A,Y,0.0
A216E,216,A,E,0.0
A215K,215,A,K,0.0
A215L,215,A,L,0.0
A215M,215,A,M,0.0
A215N,215,A,N,0.0
A215P,215,A,P,0.0
A215Q,215,A,Q,0.0
A215R,215,A,R,0.0
A215S,215,A,S,0.0
A215T,215,A,T,0.0
A215V,215,A,V,0.0
A215W,215,A,W,0.0
A215Y,215,A,Y,0.0
A216C,216,A,C,0.0
A216D,216,A,D,0.0
A216F,216,A,F,0.0
A211P,211,A,P,0.0
A216G,216,A,G,0.0
A216H,216,A,H,0.0
A216I,216,A,I,0.0
A216K,216,A,K,0.0
A216L,216,A,L,0.0
A216M,216,A,M,0.0
A216N,216,A,N,0.0
A216P,216,A,P,0.0
A216Q,216,A,Q,0.0
A216R,216,A,R,0.0
A216S,216,A,S,0.0
A216T,216,A,T,0.0
A216V,216,A,V,0.0
A216W,216,A,W,0.0
A215I,215,A,I,0.0
A215H,215,A,H,0.0
A215G,215,A,G,0.0
A215F,215,A,F,0.0
A211Q,211,A,Q,0.0
A211R,211,A,R,0.0
A211S,211,A,S,0.0
A211T,211,A,T,0.0
A211V,211,A,V,0.0
A211W,211,A,W,0.0
A211Y,211,A,Y,0.0
A214C,214,A,C,0.0
A214D,214,A,D,0.0
A214E,214,A,E,0.0
A214F,214,A,F,0.0
A214G,214,A,G,0.0
A214H,214,A,H,0.0
A214I,214,A,I,0.0
A214K,214,A,K,0.0
A214L,214,A,L,0.0
A214M,214,A,M,0.0
A214N,214,A,N,0.0
A214P,214,A,P,0.0
A214Q,214,A,Q,0.0
A214R,214,A,R,0.0
A214S,214,A,S,0.0
A214T,214,A,T,0.0
A214V,214,A,V,0.0
A214W,214,A,W,0.0
A214Y,214,A,Y,0.0
A215C,215,A,C,0.0
A215D,215,A,D,0.0
A215E,215,A,E,0.0
A85D,85,A,D,0.0
A85E,85,A,E,0.0
A85F,85,A,F,0.0
D185S,185,D,S,0.0
D185A,185,D,A,0.0
D185C,185,D,C,0.0
D185E,185,D,E,0.0
D185F,185,D,F,0.0
D185G,185,D,G,0.0
D185H,185,D,H,0.0
D185I,185,D,I,0.0
D185K,185,D,K,0.0
D185L,185,D,L,0.0
D185M,185,D,M,0.0
D185N,185,D,N,0.0
D185P,185,D,P,0.0
D185Q,185,D,Q,0.0
D185R,185,D,R,0.0
D185T,185,D,T,0.0
D45Q,45,D,Q,0.0
D185V,185,D,V,0.0
D185W,185,D,W,0.0
D185Y,185,D,Y,0.0
D45A,45,D,A,0.0
D45C,45,D,C,0.0
D45E,45,D,E,0.0
D45F,45,D,F,0.0
D45G,45,D,G,0.0
D45H,45,D,H,0.0
D45I,45,D,I,0.0
D45K,45,D,K,0.0
D45L,45,D,L,0.0
D45M,45,D,M,0.0
D45N,45,D,N,0.0
D155Y,155,D,Y,0.0
D155W,155,D,W,0.0
D155V,155,D,V,0.0
D155T,155,D,T,0.0
D151H,151,D,H,0.0
D151I,151,D,I,0.0
D151K,151,D,K,0.0
D151L,151,D,L,0.0
D151M,151,D,M,0.0
D151N,151,D,N,0.0
D151P,151,D,P,0.0
D151Q,151,D,Q,0.0
D151R,151,D,R,0.0
D151S,151,D,S,0.0
D151T,151,D,T,0.0
D151V,151,D,V,0.0
D151W,151,D,W,0.0
D151Y,151,D,Y,0.0
D155A,155,D,A,0.0
D155C,155,D,C,0.0
D155E,155,D,E,0.0
D155F,155,D,F,0.0
D155G,155,D,G,0.0
D155H,155,D,H,0.0
D155I,155,D,I,0.0
D155K,155,D,K,0.0
D155L,155,D,L,0.0
D155M,155,D,M,0.0
D155N,155,D,N,0.0
D155P,155,D,P,0.0
D155Q,155,D,Q,0.0
D155R,155,D,R,0.0
D155S,155,D,S,0.0
D45P,45,D,P,0.0
D45R,45,D,R,0.0
A85G,85,A,G,0.0
E100H,100,E,H,0.0
D67N,67,D,N,0.0
D67P,67,D,P,0.0
D67Q,67,D,Q,0.0
D67R,67,D,R,0.0
D67S,67,D,S,0.0
D67T,67,D,T,0.0
D67V,67,D,V,0.0
D67W,67,D,W,0.0
D67Y,67,D,Y,0.0
E100A,100,E,A,0.0
E100C,100,E,C,0.0
E100D,100,E,D,0.0
E100F,100,E,F,0.0
E100G,100,E,G,0.0
E100I,100,E,I,0.0
D45S,45,D,S,0.0
E100K,100,E,K,0.0
E100L,100,E,L,0.0
E100M,100,E,M,0.0
E100N,100,E,N,0.0
E100P,100,E,P,0.0
E100Q,100,E,Q,0.0
E100R,100,E,R,0.0
E100S,100,E,S,0.0
E100T,100,E,T,0.0
E100V,100,E,V,0.0
E100W,100,E,W,0.0
E100Y,100,E,Y,0.0
E109A,109,E,A,0.0
E109C,109,E,C,0.0
D67M,67,D,M,0.0
D67L,67,D,L,0.0
D67K,67,D,K,0.0
D67I,67,D,I,0.0
D45T,45,D,T,0.0
D45V,45,D,V,0.0
D45W,45,D,W,0.0
D45Y,45,D,Y,0.0
D64A,64,D,A,0.0
D64C,64,D,C,0.0
D64E,64,D,E,0.0
D64F,64,D,F,0.0
D64G,64,D,G,0.0
D64H,64,D,H,0.0
D64I,64,D,I,0.0
D64K,64,D,K,0.0
D64L,64,D,L,0.0
D64M,64,D,M,0.0
D64N,64,D,N,0.0
D64P,64,D,P,0.0
D64Q,64,D,Q,0.0
D64R,64,D,R,0.0
D64S,64,D,S,0.0
D64T,64,D,T,0.0
D64V,64,D,V,0.0
D64W,64,D,W,0.0
D64Y,64,D,Y,0.0
D67A,67,D,A,0.0
D67C,67,D,C,0.0
D67E,67,D,E,0.0
D67F,67,D,F,0.0
D67G,67,D,G,0.0
D67H,67,D,H,0.0
D151G,151,D,G,0.0
D151F,151,D,F,0.0
D151E,151,D,E,0.0
C93S,93,C,S,0.0
C93A,93,C,A,0.0
C93D,93,C,D,0.0
C93E,93,C,E,0.0
C93F,93,C,F,0.0
C93G,93,C,G,0.0
C93H,93,C,H,0.0
C93I,93,C,I,0.0
C93K,93,C,K,0.0
C93L,93,C,L,0.0
C93M,93,C,M,0.0
C93N,93,C,N,0.0
C93P,93,C,P,0.0
C93Q,93,C,Q,0.0
C93R,93,C,R,0.0
C93T,93,C,T,0.0
D151C,151,D,C,0.0
C93V,93,C,V,0.0
C93W,93,C,W,0.0
C93Y,93,C,Y,0.0
D114A,114,D,A,0.0
D114C,114,D,C,0.0
D114E,114,D,E,0.0
D114F,114,D,F,0.0
D114G,114,D,G,0.0
D114H,114,D,H,0.0
D114I,114,D,I,0.0
D114K,114,D,K,0.0
D114L,114,D,L,0.0
D114M,114,D,M,0.0
D114N,114,D,N,0.0
C192Y,192,C,Y,0.0
C192W,192,C,W,0.0
C192V,192,C,V,0.0
C192T,192,C,T,0.0
A85H,85,A,H,0.0
A85I,85,A,I,0.0
A85K,85,A,K,0.0
A85L,85,A,L,0.0
A85M,85,A,M,0.0
A85N,85,A,N,0.0
A85P,85,A,P,0.0
A85Q,85,A,Q,0.0
A85R,85,A,R,0.0
A85S,85,A,S,0.0
A85T,85,A,T,0.0
A85V,85,A,V,0.0
A85W,85,A,W,0.0
A85Y,85,A,Y,0.0
C192A,192,C,A,0.0
C192D,192,C,D,0.0
C192E,192,C,E,0.0
C192F,192,C,F,0.0
C192G,192,C,G,0.0
C192H,192,C,H,0.0
C192I,192,C,I,0.0
C192K,192,C,K,0.0
C192L,192,C,L,0.0
C192M,192,C,M,0.0
C192N,192,C,N,0.0
C192P,192,C,P,0.0
C192Q,192,C,Q,0.0
C192R,192,C,R,0.0
C192S,192,C,S,0.0
D114P,114,D,P,0.0
D114Q,114,D,Q,0.0
D114R,114,D,R,0.0
D128L,128,D,L,0.0
D128N,128,D,N,0.0
D128P,128,D,P,0.0
D128Q,128,D,Q,0.0
D128R,128,D,R,0.0
D128S,128,D,S,0.0
D128T,128,D,T,0.0
D128V,128,D,V,0.0
D128W,128,D,W,0.0
D128Y,128,D,Y,0.0
D145A,145,D,A,0.0
D145C,145,D,C,0.0
D145E,145,D,E,0.0
D145F,145,D,F,0.0
D145G,145,D,G,0.0
D145H,145,D,H,0.0
D145I,145,D,I,0.0
D145K,145,D,K,0.0
D145L,145,D,L,0.0
D145M,145,D,M,0.0
D145N,145,D,N,0.0
D145P,145,D,P,0.0
D145Q,145,D,Q,0.0
D145R,145,D,R,0.0
D145S,145,D,S,0.0
D145T,145,D,T,0.0
D145V,145,D,V,0.0
D145W,145,D,W,0.0
D145Y,145,D,Y,0.0
D151A,151,D,A,0.0
D128M,128,D,M,0.0
D128K,128,D,K,0.0
D114S,114,D,S,0.0
D128I,128,D,I,0.0
D114T,114,D,T,0.0
D114V,114,D,V,0.0
D114W,114,D,W,0.0
D114Y,114,D,Y,0.0
D126A,126,D,A,0.0
D126C,126,D,C,0.0
D126E,126,D,E,0.0
D126F,126,D,F,0.0
D126G,126,D,G,0.0
D126H,126,D,H,0.0
D126I,126,D,I,0.0
D126K,126,D,K,0.0
D126L,126,D,L,0.0
D126M,126,D,M,0.0
D126N,126,D,N,0.0
D126P,126,D,P,0.0
D126Q,126,D,Q,0.0
D126R,126,D,R,0.0
D126S,126,D,S,0.0
D126T,126,D,T,0.0
D126V,126,D,V,0.0
D126W,126,D,W,0.0
D126Y,126,D,Y,0.0
D128A,128,D,A,0.0
D128C,128,D,C,0.0
D128E,128,D,E,0.0
D128F,128,D,F,0.0
D128G,128,D,G,0.0
D128H,128,D,H,0.0
G105K,105,G,K,0.0
G105L,105,G,L,0.0
G105M,105,G,M,0.0
K157V,157,K,V,0.0
K157D,157,K,D,0.0
K157E,157,K,E,0.0
K157F,157,K,F,0.0
K157G,157,K,G,0.0
K157H,157,K,H,0.0
K157I,157,K,I,0.0
K157L,157,K,L,0.0
K157M,157,K,M,0.0
K157N,157,K,N,0.0
K157P,157,K,P,0.0
K157Q,157,K,Q,0.0
K157R,157,K,R,0.0
K157S,157,K,S,0.0
K157T,157,K,T,0.0
K157W,157,K,W,0.0
K210S,210,K,S,0.0
K157Y,157,K,Y,0.0
K210A,210,K,A,0.0
K210C,210,K,C,0.0
K210D,210,K,D,0.0
K210E,210,K,E,0.0
K210F,210,K,F,0.0
K210G,210,K,G,0.0
K210H,210,K,H,0.0
K210I,210,K,I,0.0
K210L,210,K,L,0.0
K210M,210,K,M,0.0
K210N,210,K,N,0.0
K210P,210,K,P,0.0
K210Q,210,K,Q,0.0
K157C,157,K,C,0.0
K157A,157,K,A,0.0
K154Y,154,K,Y,0.0
K154W,154,K,W,0.0
K152I,152,K,I,0.0
K152L,152,K,L,0.0
K152M,152,K,M,0.0
K152N,152,K,N,0.0
K152P,152,K,P,0.0
K152Q,152,K,Q,0.0
K152R,152,K,R,0.0
K152S,152,K,S,0.0
K152T,152,K,T,0.0
K152V,152,K,V,0.0
K152W,152,K,W,0.0
K152Y,152,K,Y,0.0
K154A,154,K,A,0.0
K154C,154,K,C,0.0
K154D,154,K,D,0.0
K154E,154,K,E,0.0
K154F,154,K,F,0.0
K154G,154,K,G,0.0
K154H,154,K,H,0.0
K154I,154,K,I,0.0
K154L,154,K,L,0.0
K154M,154,K,M,0.0
K154N,154,K,N,0.0
K154P,154,K,P,0.0
K154Q,154,K,Q,0.0
K154R,154,K,R,0.0
K154S,154,K,S,0.0
K154T,154,K,T,0.0
K154V,154,K,V,0.0
K210R,210,K,R,0.0
K210T,210,K,T,0.0
K152G,152,K,G,0.0
K35I,35,K,I,0.0
K222Q,222,K,Q,0.0
K222R,222,K,R,0.0
K222S,222,K,S,0.0
K222T,222,K,T,0.0
K222V,222,K,V,0.0
K222W,222,K,W,0.0
K222Y,222,K,Y,0.0
K35A,35,K,A,0.0
K35C,35,K,C,0.0
K35D,35,K,D,0.0
K35E,35,K,E,0.0
K35F,35,K,F,0.0
K35G,35,K,G,0.0
K35H,35,K,H,0.0
K35L,35,K,L,0.0
K210V,210,K,V,0.0
K35M,35,K,M,0.0
K35N,35,K,N,0.0
K35P,35,K,P,0.0
K35Q,35,K,Q,0.0
K35R,35,K,R,0.0
K35S,35,K,S,0.0
K35T,35,K,T,0.0
K35V,35,K,V,0.0
K35W,35,K,W,0.0
K35Y,35,K,Y,0.0
L101A,101,L,A,0.0
L101C,101,L,C,0.0
L101D,101,L,D,0.0
L101E,101,L,E,0.0
K222P,222,K,P,0.0
K222N,222,K,N,0.0
K222M,222,K,M,0.0
K222L,222,K,L,0.0
K210W,210,K,W,0.0
K210Y,210,K,Y,0.0
K221A,221,K,A,0.0
K221C,221,K,C,0.0
K221D,221,K,D,0.0
K221E,221,K,E,0.0
K221F,221,K,F,0.0
K221G,221,K,G,0.0
K221H,221,K,H,0.0
K221I,221,K,I,0.0
K221L,221,K,L,0.0
K221M,221,K,M,0.0
K221N,221,K,N,0.0
K221P,221,K,P,0.0
K221Q,221,K,Q,0.0
K221R,221,K,R,0.0
K221S,221,K,S,0.0
K221T,221,K,T,0.0
K221V,221,K,V,0.0
K221W,221,K,W,0.0
K221Y,221,K,Y,0.0
K222A,222,K,A,0.0
K222C,222,K,C,0.0
K222D,222,K,D,0.0
K222E,222,K,E,0.0
K222F,222,K,F,0.0
K222G,222,K,G,0.0
K222H,222,K,H,0.0
K222I,222,K,I,0.0
K152H,152,K,H,0.0
K152F,152,K,F,0.0
G105N,105,G,N,0.0
I52E,52,I,E,0.0
I4L,4,I,L,0.0
I4M,4,I,M,0.0
I4N,4,I,N,0.0
I4P,4,I,P,0.0
I4Q,4,I,Q,0.0
I4R,4,I,R,0.0
I4S,4,I,S,0.0
I4T,4,I,T,0.0
I4V,4,I,V,0.0
I4W,4,I,W,0.0
I4Y,4,I,Y,0.0
I52A,52,I,A,0.0
I52C,52,I,C,0.0
I52D,52,I,D,0.0
I52F,52,I,F,0.0
I6L,6,I,L,0.0
I52G,52,I,G,0.0
I52H,52,I,H,0.0
I52K,52,I,K,0.0
I52L,52,I,L,0.0
I52M,52,I,M,0.0
I52N,52,I,N,0.0
I52P,52,I,P,0.0
I52Q,52,I,Q,0.0
I52R,52,I,R,0.0
I52S,52,I,S,0.0
I52T,52,I,T,0.0
I52V,52,I,V,0.0
I52W,52,I,W,0.0
I52Y,52,I,Y,0.0
I4K,4,I,K,0.0
I4H,4,I,H,0.0
I4G,4,I,G,0.0
I4F,4,I,F,0.0
I190R,190,I,R,0.0
I190S,190,I,S,0.0
I190T,190,I,T,0.0
I190V,190,I,V,0.0
I190W,190,I,W,0.0
I190Y,190,I,Y,0.0
I47A,47,I,A,0.0
I47C,47,I,C,0.0
I47D,47,I,D,0.0
I47E,47,I,E,0.0
I47F,47,I,F,0.0
I47G,47,I,G,0.0
I47H,47,I,H,0.0
I47K,47,I,K,0.0
I47L,47,I,L,0.0
I47M,47,I,M,0.0
I47N,47,I,N,0.0
I47P,47,I,P,0.0
I47Q,47,I,Q,0.0
I47R,47,I,R,0.0
I47S,47,I,S,0.0
I47T,47,I,T,0.0
I47V,47,I,V,0.0
I47W,47,I,W,0.0
I47Y,47,I,Y,0.0
I4A,4,I,A,0.0
I4C,4,I,C,0.0
I4D,4,I,D,0.0
I4E,4,I,E,0.0
I6F,6,I,F,0.0
I6M,6,I,M,0.0
K152E,152,K,E,0.0
K134H,134,K,H,0.0
K12P,12,K,P,0.0
K12Q,12,K,Q,0.0
K12R,12,K,R,0.0
K12S,12,K,S,0.0
K12T,12,K,T,0.0
K12V,12,K,V,0.0
K12W,12,K,W,0.0
K12Y,12,K,Y,0.0
K134A,134,K,A,0.0
K134C,134,K,C,0.0
K134D,134,K,D,0.0
K134E,134,K,E,0.0
K134F,134,K,F,0.0
K134G,134,K,G,0.0
K134I,134,K,I,0.0
I6N,6,I,N,0.0
K134L,134,K,L,0.0
K134M,134,K,M,0.0
K134N,134,K,N,0.0
K134P,134,K,P,0.0
K134Q,134,K,Q,0.0
K134R,134,K,R,0.0
K134S,134,K,S,0.0
K134T,134,K,T,0.0
K134V,134,K,V,0.0
K134W,134,K,W,0.0
K134Y,134,K,Y,0.0
K152A,152,K,A,0.0
K152C,152,K,C,0.0
K152D,152,K,D,0.0
K12N,12,K,N,0.0
K12M,12,K,M,0.0
K12L,12,K,L,0.0
K12I,12,K,I,0.0
I6S,6,I,S,0.0
I6T,6,I,T,0.0
I6V,6,I,V,0.0
K102A,102,K,A,0.0
K102C,102,K,C,0.0
K102D,102,K,D,0.0
K102E,102,K,E,0.0
K102F,102,K,F,0.0
K102G,102,K,G,0.0
K102H,102,K,H,0.0
K102I,102,K,I,0.0
K102L,102,K,L,0.0
K102M,102,K,M,0.0
K102N,102,K,N,0.0
K102P,102,K,P,0.0
K102Q,102,K,Q,0.0
K102R,102,K,R,0.0
K102S,102,K,S,0.0
K102T,102,K,T,0.0
K102V,102,K,V,0.0
K102W,102,K,W,0.0
K102Y,102,K,Y,0.0
K12A,12,K,A,0.0
K12C,12,K,C,0.0
K12D,12,K,D,0.0
K12E,12,K,E,0.0
K12F,12,K,F,0.0
K12G,12,K,G,0.0
K12H,12,K,H,0.0
L101F,101,L,F,0.0
L101G,101,L,G,0.0
L101H,101,L,H,0.0
L164W,164,L,W,0.0
L164E,164,L,E,0.0
L164F,164,L,F,0.0
L164G,164,L,G,0.0
L164H,164,L,H,0.0
L164I,164,L,I,0.0
L164K,164,L,K,0.0
L164M,164,L,M,0.0
L164N,164,L,N,0.0
L164P,164,L,P,0.0
L164Q,164,L,Q,0.0
L164R,164,L,R,0.0
L164S,164,L,S,0.0
L164T,164,L,T,0.0
L164V,164,L,V,0.0
L164Y,164,L,Y,0.0
L169T,169,L,T,0.0
L169A,169,L,A,0.0
L169C,169,L,C,0.0
L169D,169,L,D,0.0
L169E,169,L,E,0.0
L169F,169,L,F,0.0
L169G,169,L,G,0.0
L169H,169,L,H,0.0
L169I,169,L,I,0.0
L169K,169,L,K,0.0
L169M,169,L,M,0.0
L169N,169,L,N,0.0
L169P,169,L,P,0.0
L169Q,169,L,Q,0.0
L169R,169,L,R,0.0
L164D,164,L,D,0.0
L164C,164,L,C,0.0
L164A,164,L,A,0.0
L160Y,160,L,Y,0.0
L144K,144,L,K,0.0
L144M,144,L,M,0.0
L144N,144,L,N,0.0
L144P,144,L,P,0.0
L144Q,144,L,Q,0.0
L144R,144,L,R,0.0
L144S,144,L,S,0.0
L144T,144,L,T,0.0
L144V,144,L,V,0.0
L144W,144,L,W,0.0
L144Y,144,L,Y,0.0
L160A,160,L,A,0.0
L160C,160,L,C,0.0
L160D,160,L,D,0.0
L160E,160,L,E,0.0
L160F,160,L,F,0.0
L160G,160,L,G,0.0
L160H,160,L,H,0.0
L160I,160,L,I,0.0
L160K,160,L,K,0.0
L160M,160,L,M,0.0
L160N,160,L,N,0.0
L160P,160,L,P,0.0
L160Q,160,L,Q,0.0
L160R,160,L,R,0.0
L160S,160,L,S,0.0
L160T,160,L,T,0.0
L160V,160,L,V,0.0
L160W,160,L,W,0.0
L169S,169,L,S,0.0
L169V,169,L,V,0.0
L101I,101,L,I,0.0
L197K,197,L,K,0.0
L175R,175,L,R,0.0
L175S,175,L,S,0.0
L175T,175,L,T,0.0
L175V,175,L,V,0.0
L175W,175,L,W,0.0
L175Y,175,L,Y,0.0
L197A,197,L,A,0.0
L197C,197,L,C,0.0
L197D,197,L,D,0.0
L197E,197,L,E,0.0
L197F,197,L,F,0.0
L197G,197,L,G,0.0
L197H,197,L,H,0.0
L197I,197,L,I,0.0
L197M,197,L,M,0.0
L169W,169,L,W,0.0
L197N,197,L,N,0.0
L197P,197,L,P,0.0
L197Q,197,L,Q,0.0
L197R,197,L,R,0.0
L197S,197,L,S,0.0
L197T,197,L,T,0.0
L197V,197,L,V,0.0
L197W,197,L,W,0.0
L197Y,197,L,Y,0.0
L220A,220,L,A,0.0
L220C,220,L,C,0.0
L220D,220,L,D,0.0
L220E,220,L,E,0.0
L220F,220,L,F,0.0
L175Q,175,L,Q,0.0
L175P,175,L,P,0.0
L175N,175,L,N,0.0
L175M,175,L,M,0.0
L169Y,169,L,Y,0.0
L171A,171,L,A,0.0
L171C,171,L,C,0.0
L171D,171,L,D,0.0
L171E,171,L,E,0.0
L171F,171,L,F,0.0
L171G,171,L,G,0.0
L171H,171,L,H,0.0
L171I,171,L,I,0.0
L171K,171,L,K,0.0
L171M,171,L,M,0.0
L171N,171,L,N,0.0
L171P,171,L,P,0.0
L171Q,171,L,Q,0.0
L171R,171,L,R,0.0
L171S,171,L,S,0.0
L171T,171,L,T,0.0
L171V,171,L,V,0.0
L171W,171,L,W,0.0
L171Y,171,L,Y,0.0
L175A,175,L,A,0.0
L175C,175,L,C,0.0
L175D,175,L,D,0.0
L175E,175,L,E,0.0
L175F,175,L,F,0.0
L175G,175,L,G,0.0
L175H,175,L,H,0.0
L175I,175,L,I,0.0
L175K,175,L,K,0.0
L144I,144,L,I,0.0
L144H,144,L,H,0.0
L144G,144,L,G,0.0
L119W,119,L,W,0.0
L119E,119,L,E,0.0
L119F,119,L,F,0.0
L119G,119,L,G,0.0
L119H,119,L,H,0.0
L119I,119,L,I,0.0
L119K,119,L,K,0.0
L119M,119,L,M,0.0
L119N,119,L,N,0.0
L119P,119,L,P,0.0
L119Q,119,L,Q,0.0
L119R,119,L,R,0.0
L119S,119,L,S,0.0
L119T,119,L,T,0.0
L119V,119,L,V,0.0
L119Y,119,L,Y,0.0
L144F,144,L,F,0.0
L125A,125,L,A,0.0
L125C,125,L,C,0.0
L125D,125,L,D,0.0
L125E,125,L,E,0.0
L125F,125,L,F,0.0
L125G,125,L,G,0.0
L125H,125,L,H,0.0
L125I,125,L,I,0.0
L125K,125,L,K,0.0
L125M,125,L,M,0.0
L125N,125,L,N,0.0
L125P,125,L,P,0.0
L125Q,125,L,Q,0.0
L125R,125,L,R,0.0
L119D,119,L,D,0.0
L119C,119,L,C,0.0
L119A,119,L,A,0.0
L112Y,112,L,Y,0.0
L101K,101,L,K,0.0
L101M,101,L,M,0.0
L101N,101,L,N,0.0
L101P,101,L,P,0.0
L101Q,101,L,Q,0.0
L101R,101,L,R,0.0
L101S,101,L,S,0.0
L101T,101,L,T,0.0
L101V,101,L,V,0.0
L101W,101,L,W,0.0
L101Y,101,L,Y,0.0
L112A,112,L,A,0.0
L112C,112,L,C,0.0
L112D,112,L,D,0.0
L112E,112,L,E,0.0
L112F,112,L,F,0.0
L112G,112,L,G,0.0
L112H,112,L,H,0.0
L112I,112,L,I,0.0
L112K,112,L,K,0.0
L112M,112,L,M,0.0
L112N,112,L,N,0.0
L112P,112,L,P,0.0
L112Q,112,L,Q,0.0
L112R,112,L,R,0.0
L112S,112,L,S,0.0
L112T,112,L,T,0.0
L112V,112,L,V,0.0
L112W,112,L,W,0.0
L125S,125,L,S,0.0
L125T,125,L,T,0.0
L125V,125,L,V,0.0
L137P,137,L,P,0.0
L137R,137,L,R,0.0
L137S,137,L,S,0.0
L137T,137,L,T,0.0
L137V,137,L,V,0.0
L137W,137,L,W,0.0
L137Y,137,L,Y,0.0
L13A,13,L,A,0.0
L13C,13,L,C,0.0
L13D,13,L,D,0.0
L13E,13,L,E,0.0
L13F,13,L,F,0.0
L13G,13,L,G,0.0
L13H,13,L,H,0.0
L13I,13,L,I,0.0
L13K,13,L,K,0.0
L13M,13,L,M,0.0
L13N,13,L,N,0.0
L13P,13,L,P,0.0
L13Q,13,L,Q,0.0
L13R,13,L,R,0.0
L13S,13,L,S,0.0
L13T,13,L,T,0.0
L13V,13,L,V,0.0
L13W,13,L,W,0.0
L13Y,13,L,Y,0.0
L144A,144,L,A,0.0
L144C,144,L,C,0.0
L144D,144,L,D,0.0
L144E,144,L,E,0.0
L137Q,137,L,Q,0.0
L137N,137,L,N,0.0
L125W,125,L,W,0.0
L137M,137,L,M,0.0
L125Y,125,L,Y,0.0
L135A,135,L,A,0.0
L135C,135,L,C,0.0
L135D,135,L,D,0.0
L135E,135,L,E,0.0
L135F,135,L,F,0.0
L135G,135,L,G,0.0
L135H,135,L,H,0.0
L135I,135,L,I,0.0
L135K,135,L,K,0.0
L135M,135,L,M,0.0
L135N,135,L,N,0.0
L135P,135,L,P,0.0
L135Q,135,L,Q,0.0
L135R,135,L,R,0.0
L135S,135,L,S,0.0
L135T,135,L,T,0.0
L135V,135,L,V,0.0
L135W,135,L,W,0.0
L135Y,135,L,Y,0.0
L137A,137,L,A,0.0
L137C,137,L,C,0.0
L137D,137,L,D,0.0
L137E,137,L,E,0.0
L137F,137,L,F,0.0
L137G,137,L,G,0.0
L137H,137,L,H,0.0
L137I,137,L,I,0.0
L137K,137,L,K,0.0
I190Q,190,I,Q,0.0
I190P,190,I,P,0.0
I190N,190,I,N,0.0
G44C,44,G,C,0.0
G205I,205,G,I,0.0
G205K,205,G,K,0.0
G205L,205,G,L,0.0
G205M,205,G,M,0.0
G205N,205,G,N,0.0
G205P,205,G,P,0.0
G205Q,205,G,Q,0.0
G205R,205,G,R,0.0
G205S,205,G,S,0.0
G205T,205,G,T,0.0
G205V,205,G,V,0.0
G205W,205,G,W,0.0
G205Y,205,G,Y,0.0
G44A,44,G,A,0.0
G44D,44,G,D,0.0
G44Y,44,G,Y,0.0
G44E,44,G,E,0.0
G44F,44,G,F,0.0
G44H,44,G,H,0.0
G44I,44,G,I,0.0
G44K,44,G,K,0.0
G44L,44,G,L,0.0
G44M,44,G,M,0.0
G44N,44,G,N,0.0
G44P,44,G,P,0.0
G44Q,44,G,Q,0.0
G44R,44,G,R,0.0
G44S,44,G,S,0.0
G44T,44,G,T,0.0
G44V,44,G,V,0.0
G205H,205,G,H,0.0
G205F,205,G,F,0.0
G205E,205,G,E,0.0
G205D,205,G,D,0.0
G196P,196,G,P,0.0
G196Q,196,G,Q,0.0
G196R,196,G,R,0.0
G196S,196,G,S,0.0
G196T,196,G,T,0.0
G196V,196,G,V,0.0
G196W,196,G,W,0.0
G196Y,196,G,Y,0.0
G203A,203,G,A,0.0
G203C,203,G,C,0.0
G203D,203,G,D,0.0
G203E,203,G,E,0.0
G203F,203,G,F,0.0
G203H,203,G,H,0.0
G203I,203,G,I,0.0
G203K,203,G,K,0.0
G203L,203,G,L,0.0
G203M,203,G,M,0.0
G203N,203,G,N,0.0
G203P,203,G,P,0.0
G203Q,203,G,Q,0.0
G203R,203,G,R,0.0
G203S,203,G,S,0.0
G203T,203,G,T,0.0
G203V,203,G,V,0.0
G203W,203,G,W,0.0
G203Y,203,G,Y,0.0
G205A,205,G,A,0.0
G205C,205,G,C,0.0
G44W,44,G,W,0.0
G66A,66,G,A,0.0
G97M,97,G,M,0.0
G91P,91,G,P,0.0
G78V,78,G,V,0.0
G78W,78,G,W,0.0
G78Y,78,G,Y,0.0
G91A,91,G,A,0.0
G91C,91,G,C,0.0
G91D,91,G,D,0.0
G91E,91,G,E,0.0
G91F,91,G,F,0.0
G91H,91,G,H,0.0
G91I,91,G,I,0.0
G91K,91,G,K,0.0
G91L,91,G,L,0.0
G91M,91,G,M,0.0
G91N,91,G,N,0.0
G91Q,91,G,Q,0.0
G66C,66,G,C,0.0
G91R,91,G,R,0.0
G91S,91,G,S,0.0
G91T,91,G,T,0.0
G91V,91,G,V,0.0
G91W,91,G,W,0.0
G91Y,91,G,Y,0.0
G97A,97,G,A,0.0
G97C,97,G,C,0.0
G97D,97,G,D,0.0
G97E,97,G,E,0.0
G97F,97,G,F,0.0
G97H,97,G,H,0.0
G97I,97,G,I,0.0
G97K,97,G,K,0.0
G78T,78,G,T,0.0
G78S,78,G,S,0.0
G78R,78,G,R,0.0
G78Q,78,G,Q,0.0
G66D,66,G,D,0.0
G66E,66,G,E,0.0
G66F,66,G,F,0.0
G66H,66,G,H,0.0
G66I,66,G,I,0.0
G66K,66,G,K,0.0
G66L,66,G,L,0.0
G66M,66,G,M,0.0
G66N,66,G,N,0.0
G66P,66,G,P,0.0
G66Q,66,G,Q,0.0
G66R,66,G,R,0.0
G66S,66,G,S,0.0
G66T,66,G,T,0.0
G66V,66,G,V,0.0
G66W,66,G,W,0.0
G66Y,66,G,Y,0.0
G78A,78,G,A,0.0
G78C,78,G,C,0.0
G78D,78,G,D,0.0
G78E,78,G,E,0.0
G78F,78,G,F,0.0
G78H,78,G,H,0.0
G78I,78,G,I,0.0
G78K,78,G,K,0.0
G78L,78,G,L,0.0
G78M,78,G,M,0.0
G78N,78,G,N,0.0
G78P,78,G,P,0.0
G196N,196,G,N,0.0
G196M,196,G,M,0.0
G196L,196,G,L,0.0
G14C,14,G,C,0.0
G122I,122,G,I,0.0
G122K,122,G,K,0.0
G122L,122,G,L,0.0
G122M,122,G,M,0.0
G122N,122,G,N,0.0
G122P,122,G,P,0.0
G122Q,122,G,Q,0.0
G122R,122,G,R,0.0
G122S,122,G,S,0.0
G122T,122,G,T,0.0
G122V,122,G,V,0.0
G122W,122,G,W,0.0
G122Y,122,G,Y,0.0
G14A,14,G,A,0.0
G14D,14,G,D,0.0
G196K,196,G,K,0.0
G14E,14,G,E,0.0
G14F,14,G,F,0.0
G14H,14,G,H,0.0
G14I,14,G,I,0.0
G14K,14,G,K,0.0
G14L,14,G,L,0.0
G14M,14,G,M,0.0
G14N,14,G,N,0.0
G14P,14,G,P,0.0
G14Q,14,G,Q,0.0
G14R,14,G,R,0.0
G14S,14,G,S,0.0
G14T,14,G,T,0.0
G14V,14,G,V,0.0
G122H,122,G,H,0.0
G122F,122,G,F,0.0
G122E,122,G,E,0.0
G122D,122,G,D,0.0
G105P,105,G,P,0.0
G105Q,105,G,Q,0.0
G105R,105,G,R,0.0
G105S,105,G,S,0.0
G105T,105,G,T,0.0
G105V,105,G,V,0.0
G105W,105,G,W,0.0
G105Y,105,G,Y,0.0
G121A,121,G,A,0.0
G121C,121,G,C,0.0
G121D,121,G,D,0.0
G121E,121,G,E,0.0
G121F,121,G,F,0.0
G121H,121,G,H,0.0
G121I,121,G,I,0.0
G121K,121,G,K,0.0
G121L,121,G,L,0.0
G121M,121,G,M,0.0
G121N,121,G,N,0.0
G121P,121,G,P,0.0
G121Q,121,G,Q,0.0
G121R,121,G,R,0.0
G121S,121,G,S,0.0
G121T,121,G,T,0.0
G121V,121,G,V,0.0
G121W,121,G,W,0.0
G121Y,121,G,Y,0.0
G122A,122,G,A,0.0
G122C,122,G,C,0.0
G14W,14,G,W,0.0
G14Y,14,G,Y,0.0
G150A,150,G,A,0.0
G166S,166,G,S,0.0
G166V,166,G,V,0.0
G166W,166,G,W,0.0
G166Y,166,G,Y,0.0
G181A,181,G,A,0.0
G181C,181,G,C,0.0
G181D,181,G,D,0.0
G181E,181,G,E,0.0
G181F,181,G,F,0.0
G181H,181,G,H,0.0
G181I,181,G,I,0.0
G181K,181,G,K,0.0
G181L,181,G,L,0.0
G181M,181,G,M,0.0
G181N,181,G,N,0.0
G181P,181,G,P,0.0
G181Q,181,G,Q,0.0
G181R,181,G,R,0.0
G181S,181,G,S,0.0
G181T,181,G,T,0.0
G181V,181,G,V,0.0
G181W,181,G,W,0.0
G181Y,181,G,Y,0.0
G196A,196,G,A,0.0
G196C,196,G,C,0.0
G196D,196,G,D,0.0
G196E,196,G,E,0.0
G196F,196,G,F,0.0
G196H,196,G,H,0.0
G196I,196,G,I,0.0
G166T,166,G,T,0.0
G166R,166,G,R,0.0
G150C,150,G,C,0.0
G166Q,166,G,Q,0.0
G150D,150,G,D,0.0
G150E,150,G,E,0.0
G150F,150,G,F,0.0
G150H,150,G,H,0.0
G150I,150,G,I,0.0
G150K,150,G,K,0.0
G150L,150,G,L,0.0
G150M,150,G,M,0.0
G150N,150,G,N,0.0
G150P,150,G,P,0.0
G150Q,150,G,Q,0.0
G150R,150,G,R,0.0
G150S,150,G,S,0.0
G150T,150,G,T,0.0
G150V,150,G,V,0.0
G150W,150,G,W,0.0
G150Y,150,G,Y,0.0
G166A,166,G,A,0.0
G166C,166,G,C,0.0
G166D,166,G,D,0.0
G166E,166,G,E,0.0
G166F,166,G,F,0.0
G166H,166,G,H,0.0
G166I,166,G,I,0.0
G166K,166,G,K,0.0
G166L,166,G,L,0.0
G166M,166,G,M,0.0
G166N,166,G,N,0.0
G166P,166,G,P,0.0
G97L,97,G,L,0.0
G97N,97,G,N,0.0
I190M,190,I,M,0.0
I120D,120,I,D,0.0
I111K,111,I,K,0.0
I111L,111,I,L,0.0
I111M,111,I,M,0.0
I111N,111,I,N,0.0
I111P,111,I,P,0.0
I111Q,111,I,Q,0.0
I111R,111,I,R,0.0
I111S,111,I,S,0.0
I111T,111,I,T,0.0
I111V,111,I,V,0.0
I111W,111,I,W,0.0
I111Y,111,I,Y,0.0
I120A,120,I,A,0.0
I120C,120,I,C,0.0
I120E,120,I,E,0.0
I129A,129,I,A,0.0
I120F,120,I,F,0.0
I120G,120,I,G,0.0
I120H,120,I,H,0.0
I120K,120,I,K,0.0
I120L,120,I,L,0.0
I120M,120,I,M,0.0
I120N,120,I,N,0.0
I120P,120,I,P,0.0
I120Q,120,I,Q,0.0
I120R,120,I,R,0.0
I120S,120,I,S,0.0
I120T,120,I,T,0.0
I120V,120,I,V,0.0
I120W,120,I,W,0.0
I111H,111,I,H,0.0
I111G,111,I,G,0.0
I111F,111,I,F,0.0
I111E,111,I,E,0.0
H36Q,36,H,Q,0.0
H36R,36,H,R,0.0
H36S,36,H,S,0.0
H36T,36,H,T,0.0
H36V,36,H,V,0.0
H36W,36,H,W,0.0
H36Y,36,H,Y,0.0
H58A,58,H,A,0.0
H58C,58,H,C,0.0
H58D,58,H,D,0.0
H58E,58,H,E,0.0
H58F,58,H,F,0.0
H58G,58,H,G,0.0
H58I,58,H,I,0.0
H58K,58,H,K,0.0
H58L,58,H,L,0.0
H58M,58,H,M,0.0
H58N,58,H,N,0.0
H58P,58,H,P,0.0
H58Q,58,H,Q,0.0
H58R,58,H,R,0.0
H58S,58,H,S,0.0
H58T,58,H,T,0.0
H58V,58,H,V,0.0
H58W,58,H,W,0.0
H58Y,58,H,Y,0.0
I111A,111,I,A,0.0
I111C,111,I,C,0.0
I111D,111,I,D,0.0
I120Y,120,I,Y,0.0
I129C,129,I,C,0.0
G97P,97,G,P,0.0
I147Q,147,I,Q,0.0
I136W,136,I,W,0.0
I136Y,136,I,Y,0.0
I147A,147,I,A,0.0
I147C,147,I,C,0.0
I147D,147,I,D,0.0
I147E,147,I,E,0.0
I147F,147,I,F,0.0
I147G,147,I,G,0.0
I147H,147,I,H,0.0
I147K,147,I,K,0.0
I147L,147,I,L,0.0
I147M,147,I,M,0.0
I147N,147,I,N,0.0
I147P,147,I,P,0.0
I147R,147,I,R,0.0
I129D,129,I,D,0.0
I147S,147,I,S,0.0
I147T,147,I,T,0.0
I147V,147,I,V,0.0
I147W,147,I,W,0.0
I147Y,147,I,Y,0.0
I190A,190,I,A,0.0
I190C,190,I,C,0.0
I190D,190,I,D,0.0
I190E,190,I,E,0.0
I190F,190,I,F,0.0
I190G,190,I,G,0.0
I190H,190,I,H,0.0
I190K,190,I,K,0.0
I190L,190,I,L,0.0
I136V,136,I,V,0.0
I136T,136,I,T,0.0
I136S,136,I,S,0.0
I136R,136,I,R,0.0
I129E,129,I,E,0.0
I129F,129,I,F,0.0
I129G,129,I,G,0.0
I129H,129,I,H,0.0
I129K,129,I,K,0.0
I129L,129,I,L,0.0
I129M,129,I,M,0.0
I129N,129,I,N,0.0
I129P,129,I,P,0.0
I129Q,129,I,Q,0.0
I129R,129,I,R,0.0
I129S,129,I,S,0.0
I129T,129,I,T,0.0
I129V,129,I,V,0.0
I129W,129,I,W,0.0
I129Y,129,I,Y,0.0
I136A,136,I,A,0.0
I136C,136,I,C,0.0
I136D,136,I,D,0.0
I136E,136,I,E,0.0
I136F,136,I,F,0.0
I136G,136,I,G,0.0
I136H,136,I,H,0.0
I136K,136,I,K,0.0
I136L,136,I,L,0.0
I136M,136,I,M,0.0
I136N,136,I,N,0.0
I136P,136,I,P,0.0
I136Q,136,I,Q,0.0
H36P,36,H,P,0.0
H36N,36,H,N,0.0
H36M,36,H,M,0.0
H184D,184,H,D,0.0
H168K,168,H,K,0.0
H168L,168,H,L,0.0
H168M,168,H,M,0.0
H168N,168,H,N,0.0
H168P,168,H,P,0.0
H168Q,168,H,Q,0.0
H168R,168,H,R,0.0
H168S,168,H,S,0.0
H168T,168,H,T,0.0
H168V,168,H,V,0.0
H168W,168,H,W,0.0
H168Y,168,H,Y,0.0
H184A,184,H,A,0.0
H184C,184,H,C,0.0
H184E,184,H,E,0.0
H36L,36,H,L,0.0
H184F,184,H,F,0.0
H184G,184,H,G,0.0
H184I,184,H,I,0.0
H184K,184,H,K,0.0
H184L,184,H,L,0.0
H184M,184,H,M,0.0
H184N,184,H,N,0.0
H184P,184,H,P,0.0
H184Q,184,H,Q,0.0
H184R,184,H,R,0.0
H184S,184,H,S,0.0
H184T,184,H,T,0.0
H184V,184,H,V,0.0
H184W,184,H,W,0.0
H168I,168,H,I,0.0
H168G,168,H,G,0.0
H168F,168,H,F,0.0
H168E,168,H,E,0.0
G97Q,97,G,Q,0.0
G97R,97,G,R,0.0
G97S,97,G,S,0.0
G97T,97,G,T,0.0
G97V,97,G,V,0.0
G97W,97,G,W,0.0
G97Y,97,G,Y,0.0
G99A,99,G,A,0.0
G99C,99,G,C,0.0
G99D,99,G,D,0.0
G99E,99,G,E,0.0
G99F,99,G,F,0.0
G99H,99,G,H,0.0
G99I,99,G,I,0.0
G99K,99,G,K,0.0
G99L,99,G,L,0.0
G99M,99,G,M,0.0
G99N,99,G,N,0.0
G99P,99,G,P,0.0
G99Q,99,G,Q,0.0
G99R,99,G,R,0.0
G99S,99,G,S,0.0
G99T,99,G,T,0.0
G99V,99,G,V,0.0
G99W,99,G,W,0.0
G99Y,99,G,Y,0.0
H168A,168,H,A,0.0
H168C,168,H,C,0.0
H168D,168,H,D,0.0
H184Y,184,H,Y,0.0
H191A,191,H,A,0.0
H191C,191,H,C,0.0
H19T,19,H,T,0.0
H19W,19,H,W,0.0
H19Y,19,H,Y,0.0
H29A,29,H,A,0.0
H29C,29,H,C,0.0
H29D,29,H,D,0.0
H29E,29,H,E,0.0
H29F,29,H,F,0.0
H29G,29,H,G,0.0
H29I,29,H,I,0.0
H29K,29,H,K,0.0
H29L,29,H,L,0.0
H29M,29,H,M,0.0
H29N,29,H,N,0.0
H29P,29,H,P,0.0
H29Q,29,H,Q,0.0
H29R,29,H,R,0.0
H29S,29,H,S,0.0
H29T,29,H,T,0.0
H29V,29,H,V,0.0
H29W,29,H,W,0.0
H29Y,29,H,Y,0.0
H36A,36,H,A,0.0
H36C,36,H,C,0.0
H36D,36,H,D,0.0
H36E,36,H,E,0.0
H36F,36,H,F,0.0
H36G,36,H,G,0.0
H36I,36,H,I,0.0
H36K,36,H,K,0.0
H19V,19,H,V,0.0
H19S,19,H,S,0.0
H191D,191,H,D,0.0
H19R,19,H,R,0.0
H191E,191,H,E,0.0
H191F,191,H,F,0.0
H191G,191,H,G,0.0
H191I,191,H,I,0.0
H191K,191,H,K,0.0
H191L,191,H,L,0.0
H191M,191,H,M,0.0
H191N,191,H,N,0.0
H191P,191,H,P,0.0
H191Q,191,H,Q,0.0
H191R,191,H,R,0.0
H191S,191,H,S,0.0
H191T,191,H,T,0.0
H191V,191,H,V,0.0
H191W,191,H,W,0.0
H191Y,191,H,Y,0.0
H19A,19,H,A,0.0
H19C,19,H,C,0.0
H19D,19,H,D,0.0
H19E,19,H,E,0.0
H19F,19,H,F,0.0
H19G,19,H,G,0.0
H19I,19,H,I,0.0
H19K,19,H,K,0.0
H19L,19,H,L,0.0
H19M,19,H,M,0.0
H19N,19,H,N,0.0
H19P,19,H,P,0.0
H19Q,19,H,Q,0.0
Y57W,57,Y,W,0.0
